{"logTime": "1006/025922", "level": "INFO", "message": "UserPrefStore loaded: error=NO_FILE (6)"}
{"logTime": "1006/025922", "level": "INFO", "message": "Preference changed: name=edge_vpn.available, new_value=true, source=unknown"}
{"logTime": "1006/025922", "level": "INFO", "message": "Preference changed: name=profile_network_context_service.http_cache_finch_experiment_groups, new_value=\"None None None None\", source=unknown"}
{"logTime": "1006/025922", "level": "INFO", "message": "Preference changed: name=enterprise_profile_guid, new_value=\"83b7aa23-fe00-47e7-ad22-4a8d88853e70\", source=unknown"}
{"logTime": "1006/025922", "level": "INFO", "message": "Preference changed: name=extensions.last_chrome_version, new_value=\"154.0.4258.53\", source=unknown"}
{"logTime": "1006/025922", "level": "INFO", "message": "Preference changed: name=gaia_cookie.periodic_report_time_2, new_value=\"13435729162871022\", source=unknown"}
{"logTime": "1006/025922", "level": "INFO", "message": "Preference changed: name=optimization_guide.previously_registered_optimization_types, new_value=[object], source=unknown"}
{"logTime": "1006/025922", "level": "INFO", "message": "Preference changed: name=user_experience_metrics.personalization_data_consent_enabled_last_known_value, new_value=false, source=unknown"}
{"logTime": "1006/025922", "level": "INFO", "message": "Preference changed: name=profile.background_password_check, new_value=[object], source=unknown"}
{"logTime": "1006/025922", "level": "INFO", "message": "Preference changed: name=countryid_at_install, new_value=18766, source=unknown"}
{"logTime": "1006/025922", "level": "INFO", "message": "Preference changed: name=reset_prepopulated_engines, new_value=false, source=unknown"}
{"logTime": "1006/025922", "level": "INFO", "message": "Preference changed: name=extensions.chrome_url_overrides, new_value=[object], source=unknown"}
{"logTime": "1006/025922", "level": "INFO", "message": "Preference changed: name=browser.recent_theme_color_list, new_value=[object], source=unknown"}
{"logTime": "1006/025922", "level": "INFO", "message": "Preference changed: name=browser.color_theme_user_on_first_check, new_value=false, source=unknown"}
{"logTime": "1006/025922", "level": "INFO", "message": "Preference changed: name=sessions.session_data_status, new_value=1, source=unknown"}
{"logTime": "1006/025922", "level": "INFO", "message": "Preference changed: name=sessions.event_log, new_value=[object], source=unknown"}
{"logTime": "1006/025922", "level": "INFO", "message": "Preference changed: name=optimization_guide.previously_registered_optimization_types, new_value=[object], source=unknown"}
{"logTime": "1006/025922", "level": "INFO", "message": "Preference changed: name=optimization_guide.previously_registered_optimization_types, new_value=[object], source=unknown"}
{"logTime": "1006/025922", "level": "INFO", "message": "Preference changed: name=optimization_guide.previously_registered_optimization_types, new_value=[object], source=unknown"}
{"logTime": "1006/025922", "level": "INFO", "message": "Preference changed: name=saved_tab_groups.did_enable_shared_tab_groups_in_last_session, new_value=false, source=unknown"}
{"logTime": "1006/025922", "level": "INFO", "message": "Preference changed: name=optimization_guide.previously_registered_optimization_types, new_value=[object], source=unknown"}
{"logTime": "1006/025922", "level": "INFO", "message": "Preference changed: name=optimization_guide.previously_registered_optimization_types, new_value=[object], source=unknown"}
{"logTime": "1006/025922", "level": "INFO", "message": "Preference changed: name=safety_hub.unused_site_permissions_revocation.migration_completed, new_value=true, source=unknown"}
{"logTime": "1006/025922", "level": "INFO", "message": "Preference changed: name=profile.created_by_version, new_value=\"154.0.4258.53\", source=unknown"}
{"logTime": "1006/025922", "level": "INFO", "message": "Preference changed: name=profile.creation_time, new_value=\"13435729162843190\", source=unknown"}
{"logTime": "1006/025922", "level": "INFO", "message": "Preference changed: name=profile.edge_profile_id, new_value=\"7d212a63-2575-40c6-8ebb-ac7bdffdcb44\", source=unknown"}
{"logTime": "1006/025922", "level": "INFO", "message": "Preference changed: name=edge_ux_config.assignmentcontext, new_value=\"\", source=unknown"}
{"logTime": "1006/025922", "level": "INFO", "message": "Preference changed: name=edge_ux_config.dataversion, new_value=\"0\", source=unknown"}
{"logTime": "1006/025922", "level": "INFO", "message": "Preference changed: name=edge_ux_config.experimentvariables, new_value=[object], source=unknown"}
{"logTime": "1006/025922", "level": "INFO", "message": "Preference changed: name=browser.user_level_features_context, new_value=[object], source=unknown"}
{"logTime": "1006/025922", "level": "INFO", "message": "Preference changed: name=edge_ux_config.flights, new_value=[object], source=unknown"}
{"logTime": "1006/025922", "level": "INFO", "message": "Preference changed: name=profile.network_pbs, new_value=[object], source=unknown"}
{"logTime": "1006/025922", "level": "INFO", "message": "Preference changed: name=extensions.alerts.initialized, new_value=true, source=unknown"}
{"logTime": "1006/025922", "level": "INFO", "message": "Preference changed: name=extensions.pdf_upsell_triggered, new_value=false, source=unknown"}
{"logTime": "1006/025922", "level": "INFO", "message": "Preference changed: name=extensions.settings, new_value=[object], source=unknown"}
{"logTime": "1006/025922", "level": "INFO", "message": "Preference changed: name=extensions.settings, new_value=[object], source=unknown"}
{"logTime": "1006/025922", "level": "INFO", "message": "Preference changed: name=extensions.settings, new_value=[object], source=unknown"}
{"logTime": "1006/025922", "level": "INFO", "message": "Preference changed: name=extensions.settings, new_value=[object], source=unknown"}
{"logTime": "1006/025922", "level": "INFO", "message": "Preference changed: name=extensions.settings, new_value=[object], source=unknown"}
{"logTime": "1006/025922", "level": "INFO", "message": "Preference changed: name=extensions.settings, new_value=[object], source=unknown"}
{"logTime": "1006/025922", "level": "INFO", "message": "Preference changed: name=extensions.settings, new_value=[object], source=unknown"}
{"logTime": "1006/025922", "level": "INFO", "message": "Preference changed: name=extensions.settings, new_value=[object], source=unknown"}
{"logTime": "1006/025922", "level": "INFO", "message": "Preference changed: name=extensions.settings, new_value=[object], source=unknown"}
{"logTime": "1006/025922", "level": "INFO", "message": "Preference changed: name=extensions.settings, new_value=[object], source=unknown"}
{"logTime": "1006/025922", "level": "INFO", "message": "Preference changed: name=extensions.settings, new_value=[object], source=unknown"}
{"logTime": "1006/025922", "level": "INFO", "message": "Preference changed: name=extensions.settings, new_value=[object], source=unknown"}
{"logTime": "1006/025922", "level": "INFO", "message": "Preference changed: name=extensions.settings, new_value=[object], source=unknown"}
{"logTime": "1006/025922", "level": "INFO", "message": "Preference changed: name=extensions.settings, new_value=[object], source=unknown"}
{"logTime": "1006/025922", "level": "INFO", "message": "Preference changed: name=extensions.settings, new_value=[object], source=unknown"}
{"logTime": "1006/025922", "level": "INFO", "message": "Preference changed: name=extensions.settings, new_value=[object], source=unknown"}
{"logTime": "1006/025922", "level": "INFO", "message": "Preference changed: name=extensions.settings, new_value=[object], source=unknown"}
{"logTime": "1006/025922", "level": "INFO", "message": "Preference changed: name=extensions.settings, new_value=[object], source=unknown"}
{"logTime": "1006/025922", "level": "INFO", "message": "Preference changed: name=extensions.settings, new_value=[object], source=unknown"}
{"logTime": "1006/025922", "level": "INFO", "message": "Preference changed: name=extensions.settings, new_value=[object], source=unknown"}
{"logTime": "1006/025922", "level": "INFO", "message": "Preference changed: name=extension.installed_extension_count, new_value=2, source=unknown"}
{"logTime": "1006/025922", "level": "INFO", "message": "Preference changed: name=profile.password_hash_data_list, new_value=[object], source=unknown"}
{"logTime": "1006/025922", "level": "INFO", "message": "Preference changed: name=edge.msa_sso_info.allow_for_non_msa_profile, new_value=true, source=unknown"}
{"logTime": "1006/025922", "level": "INFO", "message": "Preference changed: name=edge.profile_sso_info.is_msa_first_profile, new_value=true, source=unknown"}
{"logTime": "1006/025922", "level": "INFO", "message": "Preference changed: name=edge.profile_sso_info.msa_sso_algo_state, new_value=1, source=unknown"}
{"logTime": "1006/025922", "level": "INFO", "message": "Preference changed: name=browser.available_dark_theme_options, new_value=\"All\", source=unknown"}
{"logTime": "1006/025922", "level": "INFO", "message": "Preference changed: name=schedule_to_flush_to_disk, new_value=\"13435729162896542\", source=unknown"}
{"logTime": "1006/025922", "level": "INFO", "message": "Preference changed: name=schedule_to_flush_to_disk, new_value=\"13435729162897387\", source=unknown"}
{"logTime": "1006/025922", "level": "INFO", "message": "Preference changed: name=muid.last_sync, new_value=\"13435729162897631\", source=unknown"}
{"logTime": "1006/025922", "level": "INFO", "message": "Preference changed: name=bookmark.storage_computation_last_update, new_value=\"13435729162897793\", source=unknown"}
{"logTime": "1006/025922", "level": "INFO", "message": "Preference changed: name=commerce_daily_metrics_last_update_time, new_value=\"13435729162898222\", source=unknown"}
{"logTime": "1006/025922", "level": "INFO", "message": "Preference changed: name=extensions.settings, new_value=[object], source=unknown"}
{"logTime": "1006/025922", "level": "INFO", "message": "Preference changed: name=extensions.settings, new_value=[object], source=unknown"}
{"logTime": "1006/025922", "level": "INFO", "message": "Preference changed: name=extensions.settings, new_value=[object], source=unknown"}
{"logTime": "1006/025922", "level": "INFO", "message": "Preference changed: name=extensions.settings, new_value=[object], source=unknown"}
{"logTime": "1006/025922", "level": "INFO", "message": "Preference changed: name=extensions.chrome_url_overrides, new_value=[object], source=unknown"}
{"logTime": "1006/025922", "level": "INFO", "message": "Preference changed: name=extensions.pinned_extensions, new_value=[object], source=unknown"}
{"logTime": "1006/025922", "level": "INFO", "message": "Preference changed: name=extensions.pinned_extension_migration, new_value=true, source=unknown"}
{"logTime": "1006/025922", "level": "INFO", "message": "Preference changed: name=profile.edge_user_with_non_zero_passwords, new_value=false, source=unknown"}
{"logTime": "1006/025922", "level": "INFO", "message": "Preference changed: name=profile.edge_password_is_using_new_login_db_path, new_value=false, source=unknown"}
{"logTime": "1006/025922", "level": "INFO", "message": "Preference changed: name=profile.edge_password_login_db_path_flip_flop_count, new_value=0, source=unknown"}
{"logTime": "1006/025922", "level": "INFO", "message": "Preference changed: name=edge.services.signin_scoped_device_id, new_value=\"a5c077df-26de-4fc9-b58a-dcf40995ab0f\", source=unknown"}
{"logTime": "1006/025922", "level": "INFO", "message": "Preference changed: name=account_tracker_service_last_update, new_value=\"13435729162903969\", source=unknown"}
{"logTime": "1006/025922", "level": "INFO", "message": "Preference changed: name=autofill.last_version_deduped, new_value=154, source=unknown"}
{"logTime": "1006/025922", "level": "INFO", "message": "Preference changed: name=autofill.edge_autofill_purge_low_quality_profiles_by_timeline, new_value=false, source=unknown"}
{"logTime": "1006/025922", "level": "INFO", "message": "Preference changed: name=optimization_guide.previously_registered_optimization_types, new_value=[object], source=unknown"}
{"logTime": "1006/025922", "level": "INFO", "message": "Preference changed: name=credentials_enable_service, new_value=false, source=unknown"}
{"logTime": "1006/025922", "level": "INFO", "message": "Preference changed: name=autofill.credit_card_enabled, new_value=false, source=unknown"}
{"logTime": "1006/025922", "level": "INFO", "message": "Preference changed: name=enable_edge_collections, new_value=false, source=unknown"}
{"logTime": "1006/025922", "level": "INFO", "message": "Preference changed: name=resolve_navigation_errors_use_web_service.enabled, new_value=false, source=unknown"}
{"logTime": "1006/025922", "level": "INFO", "message": "Preference changed: name=alternate_error_pages.enabled, new_value=false, source=unknown"}
{"logTime": "1006/025922", "level": "INFO", "message": "Preference changed: name=webrtc.udp_port_range, new_value=\"0-0\", source=unknown"}
{"logTime": "1006/025922", "level": "INFO", "message": "Preference changed: name=optimization_guide.previously_registered_optimization_types, new_value=[object], source=unknown"}
{"logTime": "1006/025922", "level": "INFO", "message": "Preference changed: name=browser.show_downloads_hub_pinned, new_value=false, source=unknown"}
{"logTime": "1006/025922", "level": "INFO", "message": "Preference changed: name=browser.show_toolbar_edge_generic_sidebar_button, new_value=false, source=unknown"}
{"logTime": "1006/025922", "level": "INFO", "message": "Preference changed: name=in_product_help.session_start_time, new_value=\"13435729162941000\", source=unknown"}
{"logTime": "1006/025922", "level": "INFO", "message": "Preference changed: name=in_product_help.session_number, new_value=2, source=unknown"}
{"logTime": "1006/025922", "level": "INFO", "message": "Preference changed: name=in_product_help.session_last_active_time, new_value=\"13435729162941000\", source=unknown"}
{"logTime": "1006/025922", "level": "INFO", "message": "Preference changed: name=in_product_help.recent_session_enabled_time, new_value=\"13435729162941000\", source=unknown"}
{"logTime": "1006/025922", "level": "INFO", "message": "Preference changed: name=in_product_help.recent_session_start_times, new_value=[object], source=unknown"}
{"logTime": "1006/025922", "level": "INFO", "message": "Preference changed: name=media.engagement.schema_version, new_value=5, source=unknown"}
{"logTime": "1006/025922", "level": "INFO", "message": "Preference changed: name=intl.selected_languages, new_value=\"en-US,en\", source=unknown"}
{"logTime": "1006/025922", "level": "INFO", "message": "Preference changed: name=optimization_guide.previously_registered_optimization_types, new_value=[object], source=unknown"}
{"logTime": "1006/025922", "level": "INFO", "message": "Preference changed: name=profile.content_settings.exceptions.storage_access_header_origin_trial, new_value=[object], source=unknown"}
{"logTime": "1006/025922", "level": "INFO", "message": "Preference changed: name=spellcheck.dictionaries, new_value=[object], source=unknown"}
{"logTime": "1006/025922", "level": "INFO", "message": "Preference changed: name=saved_tab_groups.specifics_to_data_migration, new_value=true, source=unknown"}
{"logTime": "1006/025922", "level": "INFO", "message": "Preference changed: name=autocomplete.retention_policy_last_version, new_value=154, source=unknown"}
{"logTime": "1006/025923", "level": "INFO", "message": "Preference changed: name=sessions.session_data_status, new_value=2, source=unknown"}
{"logTime": "1006/025923", "level": "INFO", "message": "Preference changed: name=sessions.session_data_status, new_value=3, source=unknown"}
{"logTime": "1006/025923", "level": "INFO", "message": "Preference changed: name=sessions.session_data_status, new_value=1, source=unknown"}
{"logTime": "1006/025923", "level": "INFO", "message": "Preference changed: name=sessions.event_log, new_value=[object], source=unknown"}
{"logTime": "1006/025923", "level": "INFO", "message": "Preference changed: name=muid.values_seen, new_value=[object], source=unknown"}
{"logTime": "1006/025923", "level": "INFO", "message": "Preference changed: name=personalization_data_consent.personalization_in_context_count, new_value=0, source=unknown"}
{"logTime": "1006/025923", "level": "INFO", "message": "Preference changed: name=personalization_data_consent.personalization_in_context_consent_can_prompt, new_value=true, source=unknown"}
{"logTime": "1006/025923", "level": "INFO", "message": "Preference changed: name=typosquatting.allowlist_migration_done, new_value=true, source=unknown"}
{"logTime": "1006/025923", "level": "INFO", "message": "Preference changed: name=browser.theme.color_scheme2, new_value=1, source=unknown"}
{"logTime": "1006/025923", "level": "INFO", "message": "Preference changed: name=edge_rewards.cache_data, new_value=\"CAA=\", source=unknown"}
{"logTime": "1006/025923", "level": "INFO", "message": "Preference changed: name=edge_rewards.refresh_status_muted_until, new_value=\"13436333963105776\", source=unknown"}
{"logTime": "1006/025923", "level": "INFO", "message": "Preference changed: name=fsd.retention_policy_last_version, new_value=154, source=unknown"}
{"logTime": "1006/025923", "level": "INFO", "message": "Preference changed: name=optimization_guide.hintsfetcher.hosts_successfully_fetched, new_value=[object], source=unknown"}
{"logTime": "1006/025927", "level": "INFO", "message": "Preference changed: name=profile.is_relative_to_aad, new_value=false, source=unknown"}
{"logTime": "1006/025932", "level": "INFO", "message": "PrefStore write completed: store=4, success=true"}
{"logTime": "1006/025932", "level": "INFO", "message": "PrefStore write completed: store=4, success=true"}
{"logTime": "1006/025932", "level": "INFO", "message": "Preference changed: name=edge.bookmarks.last_dup_info_record_time, new_value=\"13435729172909008\", source=unknown"}
{"logTime": "1006/025942", "level": "INFO", "message": "PrefStore write completed: store=4, success=true"}
{"logTime": "1006/025952", "level": "INFO", "message": "Preference changed: name=profile.last_time_password_store_metrics_reported, new_value=1791255592.873761, source=unknown"}
{"logTime": "1006/025952", "level": "INFO", "message": "Preference changed: name=edge_wallet.passwords.password_lost_report_date, new_value=\"13435729192873986\", source=unknown"}
{"logTime": "1006/025952", "level": "INFO", "message": "Preference changed: name=total_passwords_available_for_account, new_value=0, source=unknown"}
{"logTime": "1006/025952", "level": "INFO", "message": "Preference changed: name=total_passwords_available_for_profile, new_value=0, source=unknown"}
{"logTime": "1006/030002", "level": "INFO", "message": "PrefStore write completed: store=4, success=true"}
{"logTime": "1006/030022", "level": "INFO", "message": "Preference changed: name=profile.last_time_obsolete_http_credentials_removed, new_value=1791255622.884411, source=unknown"}
{"logTime": "1006/030022", "level": "INFO", "message": "Preference changed: name=profile.were_old_google_logins_removed, new_value=true, source=unknown"}
{"logTime": "1006/030022", "level": "INFO", "message": "Preference changed: name=password_manager.account_store_migrated_to_os_crypt_async, new_value=true, source=unknown"}
{"logTime": "1006/030022", "level": "INFO", "message": "Preference changed: name=password_manager.account_store_backup_password_cleaning_last_timestamp, new_value=\"13435729222884718\", source=unknown"}
{"logTime": "1006/030022", "level": "INFO", "message": "Preference changed: name=profile.last_time_obsolete_http_credentials_removed, new_value=1791255622.884764, source=unknown"}
{"logTime": "1006/030022", "level": "INFO", "message": "Preference changed: name=password_manager.profile_store_migrated_to_os_crypt_async, new_value=true, source=unknown"}
{"logTime": "1006/030022", "level": "INFO", "message": "Preference changed: name=password_manager.profile_store_backup_password_cleaning_last_timestamp, new_value=\"13435729222884886\", source=unknown"}
{"logTime": "1006/030032", "level": "INFO", "message": "PrefStore write completed: store=4, success=true"}
{"logTime": "1006/030304", "level": "INFO", "message": "Preference changed: name=sessions.session_data_status, new_value=2, source=unknown"}
{"logTime": "1006/030304", "level": "INFO", "message": "Preference changed: name=sessions.session_data_status, new_value=3, source=unknown"}
{"logTime": "1006/030304", "level": "INFO", "message": "Preference changed: name=profile.exit_type, new_value=\"Normal\", source=unknown"}
{"logTime": "1006/030311", "level": "INFO", "message": "UserPrefStore loaded: error=NONE (0)"}
{"logTime": "1006/030311", "level": "INFO", "message": "Preference changed: name=optimization_guide.previously_registered_optimization_types, new_value=[object], source=unknown"}
{"logTime": "1006/030311", "level": "INFO", "message": "Preference changed: name=extensions.chrome_url_overrides, new_value=[object], source=unknown"}
{"logTime": "1006/030311", "level": "INFO", "message": "Preference changed: name=sessions.session_data_status, new_value=1, source=unknown"}
{"logTime": "1006/030311", "level": "INFO", "message": "Preference changed: name=sessions.event_log, new_value=[object], source=unknown"}
{"logTime": "1006/030311", "level": "INFO", "message": "Preference changed: name=optimization_guide.previously_registered_optimization_types, new_value=[object], source=unknown"}
{"logTime": "1006/030311", "level": "INFO", "message": "Preference changed: name=optimization_guide.previously_registered_optimization_types, new_value=[object], source=unknown"}
{"logTime": "1006/030311", "level": "INFO", "message": "Preference changed: name=optimization_guide.previously_registered_optimization_types, new_value=[object], source=unknown"}
{"logTime": "1006/030311", "level": "INFO", "message": "Preference changed: name=optimization_guide.previously_registered_optimization_types, new_value=[object], source=unknown"}
{"logTime": "1006/030311", "level": "INFO", "message": "Preference changed: name=optimization_guide.previously_registered_optimization_types, new_value=[object], source=unknown"}
{"logTime": "1006/030311", "level": "INFO", "message": "Preference changed: name=profile.network_pbs, new_value=[object], source=unknown"}
{"logTime": "1006/030311", "level": "INFO", "message": "Preference changed: name=profile.password_hash_data_list, new_value=[object], source=unknown"}
{"logTime": "1006/030311", "level": "INFO", "message": "Preference changed: name=schedule_to_flush_to_disk, new_value=\"13435729391665315\", source=unknown"}
{"logTime": "1006/030311", "level": "INFO", "message": "Preference changed: name=schedule_to_flush_to_disk, new_value=\"13435729391665878\", source=unknown"}
{"logTime": "1006/030311", "level": "INFO", "message": "Preference changed: name=edge.services.signin_scoped_device_id, new_value=\"e09514ac-1ab6-414e-bcc0-f5c08164cc7d\", source=unknown"}
{"logTime": "1006/030311", "level": "INFO", "message": "Preference changed: name=optimization_guide.previously_registered_optimization_types, new_value=[object], source=unknown"}
{"logTime": "1006/030311", "level": "INFO", "message": "Preference changed: name=extensions.chrome_url_overrides, new_value=[object], source=unknown"}
{"logTime": "1006/030311", "level": "INFO", "message": "Preference changed: name=autofill.credit_card_enabled, new_value=false, source=unknown"}
{"logTime": "1006/030311", "level": "INFO", "message": "Preference changed: name=enable_edge_collections, new_value=false, source=unknown"}
{"logTime": "1006/030311", "level": "INFO", "message": "Preference changed: name=resolve_navigation_errors_use_web_service.enabled, new_value=false, source=unknown"}
{"logTime": "1006/030311", "level": "INFO", "message": "Preference changed: name=alternate_error_pages.enabled, new_value=false, source=unknown"}
{"logTime": "1006/030311", "level": "INFO", "message": "Preference changed: name=optimization_guide.previously_registered_optimization_types, new_value=[object], source=unknown"}
{"logTime": "1006/030311", "level": "INFO", "message": "Preference changed: name=in_product_help.session_last_active_time, new_value=\"13435729391709528\", source=unknown"}
{"logTime": "1006/030311", "level": "INFO", "message": "Preference changed: name=optimization_guide.previously_registered_optimization_types, new_value=[object], source=unknown"}
{"logTime": "1006/030311", "level": "INFO", "message": "Preference changed: name=profile.content_settings.exceptions.storage_access_header_origin_trial, new_value=[object], source=unknown"}
{"logTime": "1006/030311", "level": "INFO", "message": "Preference changed: name=edge_rewards.coachmark_promotions, new_value=[object], source=unknown"}
{"logTime": "1006/030311", "level": "INFO", "message": "Preference changed: name=edge_rewards.hva_promotions, new_value=[object], source=unknown"}
{"logTime": "1006/030321", "level": "INFO", "message": "PrefStore write completed: store=4, success=true"}
{"logTime": "1006/030321", "level": "INFO", "message": "PrefStore write completed: store=4, success=true"}
{"logTime": "1006/030434", "level": "INFO", "message": "Preference changed: name=sessions.session_data_status, new_value=2, source=unknown"}
{"logTime": "1006/030434", "level": "INFO", "message": "Preference changed: name=sessions.session_data_status, new_value=3, source=unknown"}
{"logTime": "1006/030434", "level": "INFO", "message": "Preference changed: name=sessions.event_log, new_value=[object], source=unknown"}
{"logTime": "1006/030521", "level": "INFO", "message": "UserPrefStore loaded: error=NONE (0)"}
{"logTime": "1006/030521", "level": "INFO", "message": "Preference changed: name=optimization_guide.previously_registered_optimization_types, new_value=[object], source=unknown"}
{"logTime": "1006/030521", "level": "INFO", "message": "Preference changed: name=extensions.chrome_url_overrides, new_value=[object], source=unknown"}
{"logTime": "1006/030521", "level": "INFO", "message": "Preference changed: name=sessions.session_data_status, new_value=1, source=unknown"}
{"logTime": "1006/030521", "level": "INFO", "message": "Preference changed: name=sessions.event_log, new_value=[object], source=unknown"}
{"logTime": "1006/030521", "level": "INFO", "message": "Preference changed: name=optimization_guide.previously_registered_optimization_types, new_value=[object], source=unknown"}
{"logTime": "1006/030521", "level": "INFO", "message": "Preference changed: name=optimization_guide.previously_registered_optimization_types, new_value=[object], source=unknown"}
{"logTime": "1006/030521", "level": "INFO", "message": "Preference changed: name=optimization_guide.previously_registered_optimization_types, new_value=[object], source=unknown"}
{"logTime": "1006/030521", "level": "INFO", "message": "Preference changed: name=optimization_guide.previously_registered_optimization_types, new_value=[object], source=unknown"}
{"logTime": "1006/030521", "level": "INFO", "message": "Preference changed: name=optimization_guide.previously_registered_optimization_types, new_value=[object], source=unknown"}
{"logTime": "1006/030521", "level": "INFO", "message": "Preference changed: name=profile.network_pbs, new_value=[object], source=unknown"}
{"logTime": "1006/030521", "level": "INFO", "message": "Preference changed: name=profile.password_hash_data_list, new_value=[object], source=unknown"}
{"logTime": "1006/030521", "level": "INFO", "message": "Preference changed: name=schedule_to_flush_to_disk, new_value=\"13435729521127837\", source=unknown"}
{"logTime": "1006/030521", "level": "INFO", "message": "Preference changed: name=schedule_to_flush_to_disk, new_value=\"13435729521128545\", source=unknown"}
{"logTime": "1006/030521", "level": "INFO", "message": "Preference changed: name=edge.services.signin_scoped_device_id, new_value=\"c000ff2a-5ec9-41e3-b861-4628b4d69a7c\", source=unknown"}
{"logTime": "1006/030521", "level": "INFO", "message": "Preference changed: name=optimization_guide.previously_registered_optimization_types, new_value=[object], source=unknown"}
{"logTime": "1006/030521", "level": "INFO", "message": "Preference changed: name=extensions.chrome_url_overrides, new_value=[object], source=unknown"}
{"logTime": "1006/030521", "level": "INFO", "message": "Preference changed: name=autofill.credit_card_enabled, new_value=false, source=unknown"}
{"logTime": "1006/030521", "level": "INFO", "message": "Preference changed: name=enable_edge_collections, new_value=false, source=unknown"}
{"logTime": "1006/030521", "level": "INFO", "message": "Preference changed: name=resolve_navigation_errors_use_web_service.enabled, new_value=false, source=unknown"}
{"logTime": "1006/030521", "level": "INFO", "message": "Preference changed: name=alternate_error_pages.enabled, new_value=false, source=unknown"}
{"logTime": "1006/030521", "level": "INFO", "message": "Preference changed: name=optimization_guide.previously_registered_optimization_types, new_value=[object], source=unknown"}
{"logTime": "1006/030521", "level": "INFO", "message": "Preference changed: name=in_product_help.session_last_active_time, new_value=\"13435729521171231\", source=unknown"}
{"logTime": "1006/030521", "level": "INFO", "message": "Preference changed: name=optimization_guide.previously_registered_optimization_types, new_value=[object], source=unknown"}
{"logTime": "1006/030521", "level": "INFO", "message": "Preference changed: name=profile.content_settings.exceptions.storage_access_header_origin_trial, new_value=[object], source=unknown"}
{"logTime": "1006/030521", "level": "INFO", "message": "Preference changed: name=edge_rewards.coachmark_promotions, new_value=[object], source=unknown"}
{"logTime": "1006/030521", "level": "INFO", "message": "Preference changed: name=edge_rewards.hva_promotions, new_value=[object], source=unknown"}
{"logTime": "1006/030525", "level": "INFO", "message": "Preference changed: name=profile.observed_session_time, new_value=[object], source=unknown"}
{"logTime": "1006/030531", "level": "INFO", "message": "PrefStore write completed: store=4, success=true"}
{"logTime": "1006/030531", "level": "INFO", "message": "PrefStore write completed: store=4, success=true"}
{"logTime": "1006/031219", "level": "INFO", "message": "Preference changed: name=profile.observed_session_time, new_value=[object], source=unknown"}
{"logTime": "1006/031229", "level": "INFO", "message": "PrefStore write completed: store=4, success=true"}
{"logTime": "1006/031336", "level": "INFO", "message": "Preference changed: name=sessions.event_log, new_value=[object], source=unknown"}
{"logTime": "1006/031346", "level": "INFO", "message": "PrefStore write completed: store=4, success=true"}
{"logTime": "1006/034107", "level": "INFO", "message": "Preference changed: name=sessions.session_data_status, new_value=2, source=unknown"}
{"logTime": "1006/034107", "level": "INFO", "message": "Preference changed: name=sessions.session_data_status, new_value=3, source=unknown"}
{"logTime": "1006/034323", "level": "INFO", "message": "UserPrefStore loaded: error=NONE (0)"}
{"logTime": "1006/034323", "level": "INFO", "message": "Preference changed: name=optimization_guide.previously_registered_optimization_types, new_value=[object], source=unknown"}
{"logTime": "1006/034323", "level": "INFO", "message": "Preference changed: name=extensions.chrome_url_overrides, new_value=[object], source=unknown"}
{"logTime": "1006/034323", "level": "INFO", "message": "Preference changed: name=sessions.session_data_status, new_value=1, source=unknown"}
{"logTime": "1006/034323", "level": "INFO", "message": "Preference changed: name=sessions.event_log, new_value=[object], source=unknown"}
{"logTime": "1006/034323", "level": "INFO", "message": "Preference changed: name=optimization_guide.previously_registered_optimization_types, new_value=[object], source=unknown"}
{"logTime": "1006/034323", "level": "INFO", "message": "Preference changed: name=optimization_guide.previously_registered_optimization_types, new_value=[object], source=unknown"}
{"logTime": "1006/034323", "level": "INFO", "message": "Preference changed: name=optimization_guide.previously_registered_optimization_types, new_value=[object], source=unknown"}
{"logTime": "1006/034323", "level": "INFO", "message": "Preference changed: name=optimization_guide.previously_registered_optimization_types, new_value=[object], source=unknown"}
{"logTime": "1006/034323", "level": "INFO", "message": "Preference changed: name=optimization_guide.previously_registered_optimization_types, new_value=[object], source=unknown"}
{"logTime": "1006/034323", "level": "INFO", "message": "Preference changed: name=profile.network_pbs, new_value=[object], source=unknown"}
{"logTime": "1006/034323", "level": "INFO", "message": "Preference changed: name=profile.password_hash_data_list, new_value=[object], source=unknown"}
{"logTime": "1006/034323", "level": "INFO", "message": "Preference changed: name=schedule_to_flush_to_disk, new_value=\"13435731803497119\", source=unknown"}
{"logTime": "1006/034323", "level": "INFO", "message": "Preference changed: name=schedule_to_flush_to_disk, new_value=\"13435731803497841\", source=unknown"}
{"logTime": "1006/034323", "level": "INFO", "message": "Preference changed: name=edge.services.signin_scoped_device_id, new_value=\"b648f8d0-9a2f-4181-b9c0-bfe220535a15\", source=unknown"}
{"logTime": "1006/034323", "level": "INFO", "message": "Preference changed: name=optimization_guide.previously_registered_optimization_types, new_value=[object], source=unknown"}
{"logTime": "1006/034323", "level": "INFO", "message": "Preference changed: name=extensions.chrome_url_overrides, new_value=[object], source=unknown"}
{"logTime": "1006/034323", "level": "INFO", "message": "Preference changed: name=autofill.credit_card_enabled, new_value=false, source=unknown"}
{"logTime": "1006/034323", "level": "INFO", "message": "Preference changed: name=enable_edge_collections, new_value=false, source=unknown"}
{"logTime": "1006/034323", "level": "INFO", "message": "Preference changed: name=resolve_navigation_errors_use_web_service.enabled, new_value=false, source=unknown"}
{"logTime": "1006/034323", "level": "INFO", "message": "Preference changed: name=alternate_error_pages.enabled, new_value=false, source=unknown"}
{"logTime": "1006/034323", "level": "INFO", "message": "Preference changed: name=optimization_guide.previously_registered_optimization_types, new_value=[object], source=unknown"}
{"logTime": "1006/034323", "level": "INFO", "message": "Preference changed: name=in_product_help.session_last_active_time, new_value=\"13435731803544057\", source=unknown"}
{"logTime": "1006/034323", "level": "INFO", "message": "Preference changed: name=optimization_guide.previously_registered_optimization_types, new_value=[object], source=unknown"}
{"logTime": "1006/034323", "level": "INFO", "message": "Preference changed: name=profile.content_settings.exceptions.storage_access_header_origin_trial, new_value=[object], source=unknown"}
{"logTime": "1006/034323", "level": "INFO", "message": "Preference changed: name=edge_rewards.coachmark_promotions, new_value=[object], source=unknown"}
{"logTime": "1006/034323", "level": "INFO", "message": "Preference changed: name=edge_rewards.hva_promotions, new_value=[object], source=unknown"}
{"logTime": "1006/034333", "level": "INFO", "message": "PrefStore write completed: store=4, success=true"}
{"logTime": "1006/034333", "level": "INFO", "message": "PrefStore write completed: store=4, success=true"}
{"logTime": "1006/034410", "level": "INFO", "message": "Preference changed: name=sessions.event_log, new_value=[object], source=unknown"}
{"logTime": "1006/034421", "level": "INFO", "message": "PrefStore write completed: store=4, success=true"}
{"logTime": "1006/034606", "level": "INFO", "message": "Preference changed: name=language_dwell_time_average, new_value=[object], source=unknown"}
{"logTime": "1006/034606", "level": "INFO", "message": "Preference changed: name=language_usage_count, new_value=[object], source=unknown"}
{"logTime": "1006/034606", "level": "INFO", "message": "Preference changed: name=language_model_counters, new_value=[object], source=unknown"}
{"logTime": "1006/034616", "level": "INFO", "message": "PrefStore write completed: store=4, success=true"}
{"logTime": "1006/034935", "level": "INFO", "message": "Preference changed: name=sessions.session_data_status, new_value=2, source=unknown"}
{"logTime": "1006/034935", "level": "INFO", "message": "Preference changed: name=sessions.session_data_status, new_value=3, source=unknown"}
{"logTime": "1006/035006", "level": "INFO", "message": "UserPrefStore loaded: error=NONE (0)"}
{"logTime": "1006/035006", "level": "INFO", "message": "Preference changed: name=optimization_guide.previously_registered_optimization_types, new_value=[object], source=unknown"}
{"logTime": "1006/035006", "level": "INFO", "message": "Preference changed: name=extensions.chrome_url_overrides, new_value=[object], source=unknown"}
{"logTime": "1006/035006", "level": "INFO", "message": "Preference changed: name=sessions.session_data_status, new_value=1, source=unknown"}
{"logTime": "1006/035006", "level": "INFO", "message": "Preference changed: name=sessions.event_log, new_value=[object], source=unknown"}
{"logTime": "1006/035006", "level": "INFO", "message": "Preference changed: name=optimization_guide.previously_registered_optimization_types, new_value=[object], source=unknown"}
{"logTime": "1006/035006", "level": "INFO", "message": "Preference changed: name=optimization_guide.previously_registered_optimization_types, new_value=[object], source=unknown"}
{"logTime": "1006/035006", "level": "INFO", "message": "Preference changed: name=optimization_guide.previously_registered_optimization_types, new_value=[object], source=unknown"}
{"logTime": "1006/035006", "level": "INFO", "message": "Preference changed: name=optimization_guide.previously_registered_optimization_types, new_value=[object], source=unknown"}
{"logTime": "1006/035006", "level": "INFO", "message": "Preference changed: name=optimization_guide.previously_registered_optimization_types, new_value=[object], source=unknown"}
{"logTime": "1006/035006", "level": "INFO", "message": "Preference changed: name=profile.network_pbs, new_value=[object], source=unknown"}
{"logTime": "1006/035006", "level": "INFO", "message": "Preference changed: name=profile.password_hash_data_list, new_value=[object], source=unknown"}
{"logTime": "1006/035006", "level": "INFO", "message": "Preference changed: name=schedule_to_flush_to_disk, new_value=\"13435732206776460\", source=unknown"}
{"logTime": "1006/035006", "level": "INFO", "message": "Preference changed: name=schedule_to_flush_to_disk, new_value=\"13435732206777149\", source=unknown"}
{"logTime": "1006/035006", "level": "INFO", "message": "Preference changed: name=edge.services.signin_scoped_device_id, new_value=\"5c6fe79c-d105-4d71-b9cd-a23b41734063\", source=unknown"}
{"logTime": "1006/035006", "level": "INFO", "message": "Preference changed: name=optimization_guide.previously_registered_optimization_types, new_value=[object], source=unknown"}
{"logTime": "1006/035006", "level": "INFO", "message": "Preference changed: name=extensions.chrome_url_overrides, new_value=[object], source=unknown"}
{"logTime": "1006/035006", "level": "INFO", "message": "Preference changed: name=autofill.credit_card_enabled, new_value=false, source=unknown"}
{"logTime": "1006/035006", "level": "INFO", "message": "Preference changed: name=enable_edge_collections, new_value=false, source=unknown"}
{"logTime": "1006/035006", "level": "INFO", "message": "Preference changed: name=resolve_navigation_errors_use_web_service.enabled, new_value=false, source=unknown"}
{"logTime": "1006/035006", "level": "INFO", "message": "Preference changed: name=alternate_error_pages.enabled, new_value=false, source=unknown"}
{"logTime": "1006/035006", "level": "INFO", "message": "Preference changed: name=optimization_guide.previously_registered_optimization_types, new_value=[object], source=unknown"}
{"logTime": "1006/035006", "level": "INFO", "message": "Preference changed: name=in_product_help.session_last_active_time, new_value=\"13435732206822123\", source=unknown"}
{"logTime": "1006/035006", "level": "INFO", "message": "Preference changed: name=optimization_guide.previously_registered_optimization_types, new_value=[object], source=unknown"}
{"logTime": "1006/035006", "level": "INFO", "message": "Preference changed: name=profile.content_settings.exceptions.storage_access_header_origin_trial, new_value=[object], source=unknown"}
{"logTime": "1006/035006", "level": "INFO", "message": "Preference changed: name=edge_rewards.coachmark_promotions, new_value=[object], source=unknown"}
{"logTime": "1006/035006", "level": "INFO", "message": "Preference changed: name=edge_rewards.hva_promotions, new_value=[object], source=unknown"}
{"logTime": "1006/035016", "level": "INFO", "message": "PrefStore write completed: store=4, success=true"}
{"logTime": "1006/035016", "level": "INFO", "message": "PrefStore write completed: store=4, success=true"}
{"logTime": "1006/035048", "level": "INFO", "message": "Preference changed: name=language_dwell_time_average, new_value=[object], source=unknown"}
{"logTime": "1006/035048", "level": "INFO", "message": "Preference changed: name=language_usage_count, new_value=[object], source=unknown"}
{"logTime": "1006/035048", "level": "INFO", "message": "Preference changed: name=language_model_counters, new_value=[object], source=unknown"}
{"logTime": "1006/035058", "level": "INFO", "message": "PrefStore write completed: store=4, success=true"}
{"logTime": "1006/040916", "level": "INFO", "message": "Preference changed: name=sessions.session_data_status, new_value=2, source=unknown"}
{"logTime": "1006/040916", "level": "INFO", "message": "Preference changed: name=sessions.session_data_status, new_value=3, source=unknown"}
{"logTime": "1006/040916", "level": "INFO", "message": "Preference changed: name=sessions.event_log, new_value=[object], source=unknown"}
{"logTime": "1006/041743", "level": "INFO", "message": "UserPrefStore loaded: error=NONE (0)"}
{"logTime": "1006/041743", "level": "INFO", "message": "Preference changed: name=optimization_guide.previously_registered_optimization_types, new_value=[object], source=unknown"}
{"logTime": "1006/041743", "level": "INFO", "message": "Preference changed: name=extensions.chrome_url_overrides, new_value=[object], source=unknown"}
{"logTime": "1006/041743", "level": "INFO", "message": "Preference changed: name=sessions.session_data_status, new_value=1, source=unknown"}
{"logTime": "1006/041743", "level": "INFO", "message": "Preference changed: name=sessions.event_log, new_value=[object], source=unknown"}
{"logTime": "1006/041743", "level": "INFO", "message": "Preference changed: name=optimization_guide.previously_registered_optimization_types, new_value=[object], source=unknown"}
{"logTime": "1006/041743", "level": "INFO", "message": "Preference changed: name=optimization_guide.previously_registered_optimization_types, new_value=[object], source=unknown"}
{"logTime": "1006/041743", "level": "INFO", "message": "Preference changed: name=optimization_guide.previously_registered_optimization_types, new_value=[object], source=unknown"}
{"logTime": "1006/041743", "level": "INFO", "message": "Preference changed: name=optimization_guide.previously_registered_optimization_types, new_value=[object], source=unknown"}
{"logTime": "1006/041743", "level": "INFO", "message": "Preference changed: name=optimization_guide.previously_registered_optimization_types, new_value=[object], source=unknown"}
{"logTime": "1006/041743", "level": "INFO", "message": "Preference changed: name=profile.network_pbs, new_value=[object], source=unknown"}
{"logTime": "1006/041743", "level": "INFO", "message": "Preference changed: name=profile.password_hash_data_list, new_value=[object], source=unknown"}
{"logTime": "1006/041743", "level": "INFO", "message": "Preference changed: name=schedule_to_flush_to_disk, new_value=\"13435733863958338\", source=unknown"}
{"logTime": "1006/041743", "level": "INFO", "message": "Preference changed: name=schedule_to_flush_to_disk, new_value=\"13435733863958917\", source=unknown"}
{"logTime": "1006/041743", "level": "INFO", "message": "Preference changed: name=edge.services.signin_scoped_device_id, new_value=\"a5c4b123-9975-49c5-9975-3bbf9d382115\", source=unknown"}
{"logTime": "1006/041743", "level": "INFO", "message": "Preference changed: name=optimization_guide.previously_registered_optimization_types, new_value=[object], source=unknown"}
{"logTime": "1006/041743", "level": "INFO", "message": "Preference changed: name=extensions.chrome_url_overrides, new_value=[object], source=unknown"}
{"logTime": "1006/041743", "level": "INFO", "message": "Preference changed: name=autofill.credit_card_enabled, new_value=false, source=unknown"}
{"logTime": "1006/041743", "level": "INFO", "message": "Preference changed: name=enable_edge_collections, new_value=false, source=unknown"}
{"logTime": "1006/041743", "level": "INFO", "message": "Preference changed: name=resolve_navigation_errors_use_web_service.enabled, new_value=false, source=unknown"}
{"logTime": "1006/041743", "level": "INFO", "message": "Preference changed: name=alternate_error_pages.enabled, new_value=false, source=unknown"}
{"logTime": "1006/041743", "level": "INFO", "message": "Preference changed: name=optimization_guide.previously_registered_optimization_types, new_value=[object], source=unknown"}
{"logTime": "1006/041744", "level": "INFO", "message": "Preference changed: name=in_product_help.session_last_active_time, new_value=\"13435733864003335\", source=unknown"}
{"logTime": "1006/041744", "level": "INFO", "message": "Preference changed: name=optimization_guide.previously_registered_optimization_types, new_value=[object], source=unknown"}
{"logTime": "1006/041744", "level": "INFO", "message": "Preference changed: name=profile.content_settings.exceptions.storage_access_header_origin_trial, new_value=[object], source=unknown"}
{"logTime": "1006/041744", "level": "INFO", "message": "Preference changed: name=edge_rewards.coachmark_promotions, new_value=[object], source=unknown"}
{"logTime": "1006/041744", "level": "INFO", "message": "Preference changed: name=edge_rewards.hva_promotions, new_value=[object], source=unknown"}
{"logTime": "1006/041753", "level": "INFO", "message": "PrefStore write completed: store=4, success=true"}
{"logTime": "1006/041753", "level": "INFO", "message": "PrefStore write completed: store=4, success=true"}
{"logTime": "1006/042404", "level": "INFO", "message": "Preference changed: name=sessions.event_log, new_value=[object], source=unknown"}
{"logTime": "1006/042414", "level": "INFO", "message": "PrefStore write completed: store=4, success=true"}
{"logTime": "1006/050718", "level": "INFO", "message": "Preference changed: name=sessions.session_data_status, new_value=2, source=unknown"}
{"logTime": "1006/050718", "level": "INFO", "message": "Preference changed: name=sessions.session_data_status, new_value=3, source=unknown"}
{"logTime": "1006/051637", "level": "INFO", "message": "UserPrefStore loaded: error=NONE (0)"}
{"logTime": "1006/051637", "level": "INFO", "message": "Preference changed: name=optimization_guide.previously_registered_optimization_types, new_value=[object], source=unknown"}
{"logTime": "1006/051637", "level": "INFO", "message": "Preference changed: name=extensions.chrome_url_overrides, new_value=[object], source=unknown"}
{"logTime": "1006/051637", "level": "INFO", "message": "Preference changed: name=sessions.session_data_status, new_value=1, source=unknown"}
{"logTime": "1006/051637", "level": "INFO", "message": "Preference changed: name=sessions.event_log, new_value=[object], source=unknown"}
{"logTime": "1006/051637", "level": "INFO", "message": "Preference changed: name=optimization_guide.previously_registered_optimization_types, new_value=[object], source=unknown"}
{"logTime": "1006/051637", "level": "INFO", "message": "Preference changed: name=optimization_guide.previously_registered_optimization_types, new_value=[object], source=unknown"}
{"logTime": "1006/051637", "level": "INFO", "message": "Preference changed: name=optimization_guide.previously_registered_optimization_types, new_value=[object], source=unknown"}
{"logTime": "1006/051637", "level": "INFO", "message": "Preference changed: name=optimization_guide.previously_registered_optimization_types, new_value=[object], source=unknown"}
{"logTime": "1006/051637", "level": "INFO", "message": "Preference changed: name=optimization_guide.previously_registered_optimization_types, new_value=[object], source=unknown"}
{"logTime": "1006/051637", "level": "INFO", "message": "Preference changed: name=profile.network_pbs, new_value=[object], source=unknown"}
{"logTime": "1006/051637", "level": "INFO", "message": "Preference changed: name=profile.password_hash_data_list, new_value=[object], source=unknown"}
{"logTime": "1006/051637", "level": "INFO", "message": "Preference changed: name=schedule_to_flush_to_disk, new_value=\"13435737397661691\", source=unknown"}
{"logTime": "1006/051637", "level": "INFO", "message": "Preference changed: name=schedule_to_flush_to_disk, new_value=\"13435737397662244\", source=unknown"}
{"logTime": "1006/051637", "level": "INFO", "message": "Preference changed: name=edge.services.signin_scoped_device_id, new_value=\"b36e8212-611d-4257-b28a-4cce499f1547\", source=unknown"}
{"logTime": "1006/051637", "level": "INFO", "message": "Preference changed: name=optimization_guide.previously_registered_optimization_types, new_value=[object], source=unknown"}
{"logTime": "1006/051637", "level": "INFO", "message": "Preference changed: name=extensions.chrome_url_overrides, new_value=[object], source=unknown"}
{"logTime": "1006/051637", "level": "INFO", "message": "Preference changed: name=autofill.credit_card_enabled, new_value=false, source=unknown"}
{"logTime": "1006/051637", "level": "INFO", "message": "Preference changed: name=enable_edge_collections, new_value=false, source=unknown"}
{"logTime": "1006/051637", "level": "INFO", "message": "Preference changed: name=resolve_navigation_errors_use_web_service.enabled, new_value=false, source=unknown"}
{"logTime": "1006/051637", "level": "INFO", "message": "Preference changed: name=alternate_error_pages.enabled, new_value=false, source=unknown"}
{"logTime": "1006/051637", "level": "INFO", "message": "Preference changed: name=optimization_guide.previously_registered_optimization_types, new_value=[object], source=unknown"}
{"logTime": "1006/051637", "level": "INFO", "message": "Preference changed: name=in_product_help.session_last_active_time, new_value=\"13435737397701837\", source=unknown"}
{"logTime": "1006/051637", "level": "INFO", "message": "Preference changed: name=optimization_guide.previously_registered_optimization_types, new_value=[object], source=unknown"}
{"logTime": "1006/051637", "level": "INFO", "message": "Preference changed: name=profile.content_settings.exceptions.storage_access_header_origin_trial, new_value=[object], source=unknown"}
{"logTime": "1006/051637", "level": "INFO", "message": "Preference changed: name=edge_rewards.coachmark_promotions, new_value=[object], source=unknown"}
{"logTime": "1006/051637", "level": "INFO", "message": "Preference changed: name=edge_rewards.hva_promotions, new_value=[object], source=unknown"}
{"logTime": "1006/051647", "level": "INFO", "message": "PrefStore write completed: store=4, success=true"}
{"logTime": "1006/051647", "level": "INFO", "message": "PrefStore write completed: store=4, success=true"}
{"logTime": "1006/051829", "level": "INFO", "message": "Preference changed: name=sessions.session_data_status, new_value=2, source=unknown"}
{"logTime": "1006/051829", "level": "INFO", "message": "Preference changed: name=sessions.session_data_status, new_value=3, source=unknown"}
{"logTime": "1006/051829", "level": "INFO", "message": "Preference changed: name=sessions.event_log, new_value=[object], source=unknown"}
{"logTime": "1006/052055", "level": "INFO", "message": "UserPrefStore loaded: error=NONE (0)"}
{"logTime": "1006/052055", "level": "INFO", "message": "Preference changed: name=optimization_guide.previously_registered_optimization_types, new_value=[object], source=unknown"}
{"logTime": "1006/052055", "level": "INFO", "message": "Preference changed: name=extensions.chrome_url_overrides, new_value=[object], source=unknown"}
{"logTime": "1006/052055", "level": "INFO", "message": "Preference changed: name=sessions.session_data_status, new_value=1, source=unknown"}
{"logTime": "1006/052055", "level": "INFO", "message": "Preference changed: name=sessions.event_log, new_value=[object], source=unknown"}
{"logTime": "1006/052055", "level": "INFO", "message": "Preference changed: name=optimization_guide.previously_registered_optimization_types, new_value=[object], source=unknown"}
{"logTime": "1006/052055", "level": "INFO", "message": "Preference changed: name=optimization_guide.previously_registered_optimization_types, new_value=[object], source=unknown"}
{"logTime": "1006/052055", "level": "INFO", "message": "Preference changed: name=optimization_guide.previously_registered_optimization_types, new_value=[object], source=unknown"}
{"logTime": "1006/052055", "level": "INFO", "message": "Preference changed: name=optimization_guide.previously_registered_optimization_types, new_value=[object], source=unknown"}
{"logTime": "1006/052055", "level": "INFO", "message": "Preference changed: name=optimization_guide.previously_registered_optimization_types, new_value=[object], source=unknown"}
{"logTime": "1006/052055", "level": "INFO", "message": "Preference changed: name=profile.network_pbs, new_value=[object], source=unknown"}
{"logTime": "1006/052055", "level": "INFO", "message": "Preference changed: name=profile.password_hash_data_list, new_value=[object], source=unknown"}
{"logTime": "1006/052055", "level": "INFO", "message": "Preference changed: name=schedule_to_flush_to_disk, new_value=\"13435737655703619\", source=unknown"}
{"logTime": "1006/052055", "level": "INFO", "message": "Preference changed: name=schedule_to_flush_to_disk, new_value=\"13435737655704160\", source=unknown"}
{"logTime": "1006/052055", "level": "INFO", "message": "Preference changed: name=edge.services.signin_scoped_device_id, new_value=\"abda3b1d-dc09-4fd3-a246-de15ddaae261\", source=unknown"}
{"logTime": "1006/052055", "level": "INFO", "message": "Preference changed: name=optimization_guide.previously_registered_optimization_types, new_value=[object], source=unknown"}
{"logTime": "1006/052055", "level": "INFO", "message": "Preference changed: name=extensions.chrome_url_overrides, new_value=[object], source=unknown"}
{"logTime": "1006/052055", "level": "INFO", "message": "Preference changed: name=autofill.credit_card_enabled, new_value=false, source=unknown"}
{"logTime": "1006/052055", "level": "INFO", "message": "Preference changed: name=enable_edge_collections, new_value=false, source=unknown"}
{"logTime": "1006/052055", "level": "INFO", "message": "Preference changed: name=resolve_navigation_errors_use_web_service.enabled, new_value=false, source=unknown"}
{"logTime": "1006/052055", "level": "INFO", "message": "Preference changed: name=alternate_error_pages.enabled, new_value=false, source=unknown"}
{"logTime": "1006/052055", "level": "INFO", "message": "Preference changed: name=optimization_guide.previously_registered_optimization_types, new_value=[object], source=unknown"}
{"logTime": "1006/052055", "level": "INFO", "message": "Preference changed: name=in_product_help.session_last_active_time, new_value=\"13435737655746467\", source=unknown"}
{"logTime": "1006/052055", "level": "INFO", "message": "Preference changed: name=optimization_guide.previously_registered_optimization_types, new_value=[object], source=unknown"}
{"logTime": "1006/052055", "level": "INFO", "message": "Preference changed: name=profile.content_settings.exceptions.storage_access_header_origin_trial, new_value=[object], source=unknown"}
{"logTime": "1006/052055", "level": "INFO", "message": "Preference changed: name=edge_rewards.coachmark_promotions, new_value=[object], source=unknown"}
{"logTime": "1006/052055", "level": "INFO", "message": "Preference changed: name=edge_rewards.hva_promotions, new_value=[object], source=unknown"}
{"logTime": "1006/052105", "level": "INFO", "message": "PrefStore write completed: store=4, success=true"}
{"logTime": "1006/052105", "level": "INFO", "message": "PrefStore write completed: store=4, success=true"}
{"logTime": "1006/052600", "level": "INFO", "message": "Preference changed: name=sessions.session_data_status, new_value=2, source=unknown"}
{"logTime": "1006/052600", "level": "INFO", "message": "Preference changed: name=sessions.session_data_status, new_value=3, source=unknown"}
{"logTime": "1006/052600", "level": "INFO", "message": "Preference changed: name=sessions.event_log, new_value=[object], source=unknown"}
{"logTime": "1006/052642", "level": "INFO", "message": "UserPrefStore loaded: error=NONE (0)"}
{"logTime": "1006/052642", "level": "INFO", "message": "Preference changed: name=optimization_guide.previously_registered_optimization_types, new_value=[object], source=unknown"}
{"logTime": "1006/052642", "level": "INFO", "message": "Preference changed: name=extensions.chrome_url_overrides, new_value=[object], source=unknown"}
{"logTime": "1006/052642", "level": "INFO", "message": "Preference changed: name=sessions.session_data_status, new_value=1, source=unknown"}
{"logTime": "1006/052642", "level": "INFO", "message": "Preference changed: name=sessions.event_log, new_value=[object], source=unknown"}
{"logTime": "1006/052642", "level": "INFO", "message": "Preference changed: name=optimization_guide.previously_registered_optimization_types, new_value=[object], source=unknown"}
{"logTime": "1006/052642", "level": "INFO", "message": "Preference changed: name=optimization_guide.previously_registered_optimization_types, new_value=[object], source=unknown"}
{"logTime": "1006/052642", "level": "INFO", "message": "Preference changed: name=optimization_guide.previously_registered_optimization_types, new_value=[object], source=unknown"}
{"logTime": "1006/052642", "level": "INFO", "message": "Preference changed: name=optimization_guide.previously_registered_optimization_types, new_value=[object], source=unknown"}
{"logTime": "1006/052642", "level": "INFO", "message": "Preference changed: name=optimization_guide.previously_registered_optimization_types, new_value=[object], source=unknown"}
{"logTime": "1006/052642", "level": "INFO", "message": "Preference changed: name=profile.network_pbs, new_value=[object], source=unknown"}
{"logTime": "1006/052642", "level": "INFO", "message": "Preference changed: name=profile.password_hash_data_list, new_value=[object], source=unknown"}
{"logTime": "1006/052642", "level": "INFO", "message": "Preference changed: name=schedule_to_flush_to_disk, new_value=\"13435738002507790\", source=unknown"}
{"logTime": "1006/052642", "level": "INFO", "message": "Preference changed: name=schedule_to_flush_to_disk, new_value=\"13435738002508539\", source=unknown"}
{"logTime": "1006/052642", "level": "INFO", "message": "Preference changed: name=edge.services.signin_scoped_device_id, new_value=\"63e0f869-323c-4509-8562-28ac3f21bb0b\", source=unknown"}
{"logTime": "1006/052642", "level": "INFO", "message": "Preference changed: name=optimization_guide.previously_registered_optimization_types, new_value=[object], source=unknown"}
{"logTime": "1006/052642", "level": "INFO", "message": "Preference changed: name=extensions.chrome_url_overrides, new_value=[object], source=unknown"}
{"logTime": "1006/052642", "level": "INFO", "message": "Preference changed: name=autofill.credit_card_enabled, new_value=false, source=unknown"}
{"logTime": "1006/052642", "level": "INFO", "message": "Preference changed: name=enable_edge_collections, new_value=false, source=unknown"}
{"logTime": "1006/052642", "level": "INFO", "message": "Preference changed: name=resolve_navigation_errors_use_web_service.enabled, new_value=false, source=unknown"}
{"logTime": "1006/052642", "level": "INFO", "message": "Preference changed: name=alternate_error_pages.enabled, new_value=false, source=unknown"}
{"logTime": "1006/052642", "level": "INFO", "message": "Preference changed: name=optimization_guide.previously_registered_optimization_types, new_value=[object], source=unknown"}
{"logTime": "1006/052642", "level": "INFO", "message": "Preference changed: name=in_product_help.session_last_active_time, new_value=\"13435738002552112\", source=unknown"}
{"logTime": "1006/052642", "level": "INFO", "message": "Preference changed: name=optimization_guide.previously_registered_optimization_types, new_value=[object], source=unknown"}
{"logTime": "1006/052642", "level": "INFO", "message": "Preference changed: name=profile.content_settings.exceptions.storage_access_header_origin_trial, new_value=[object], source=unknown"}
{"logTime": "1006/052642", "level": "INFO", "message": "Preference changed: name=edge_rewards.coachmark_promotions, new_value=[object], source=unknown"}
{"logTime": "1006/052642", "level": "INFO", "message": "Preference changed: name=edge_rewards.hva_promotions, new_value=[object], source=unknown"}
{"logTime": "1006/052652", "level": "INFO", "message": "PrefStore write completed: store=4, success=true"}
{"logTime": "1006/052652", "level": "INFO", "message": "PrefStore write completed: store=4, success=true"}
{"logTime": "1006/053523", "level": "INFO", "message": "Preference changed: name=sessions.event_log, new_value=[object], source=unknown"}
{"logTime": "1006/053533", "level": "INFO", "message": "PrefStore write completed: store=4, success=true"}
{"logTime": "1006/053623", "level": "INFO", "message": "Preference changed: name=sessions.session_data_status, new_value=2, source=unknown"}
{"logTime": "1006/053623", "level": "INFO", "message": "Preference changed: name=sessions.session_data_status, new_value=3, source=unknown"}
{"logTime": "1006/053626", "level": "INFO", "message": "UserPrefStore loaded: error=NONE (0)"}
{"logTime": "1006/053626", "level": "INFO", "message": "Preference changed: name=optimization_guide.previously_registered_optimization_types, new_value=[object], source=unknown"}
{"logTime": "1006/053626", "level": "INFO", "message": "Preference changed: name=extensions.chrome_url_overrides, new_value=[object], source=unknown"}
{"logTime": "1006/053626", "level": "INFO", "message": "Preference changed: name=sessions.session_data_status, new_value=1, source=unknown"}
{"logTime": "1006/053626", "level": "INFO", "message": "Preference changed: name=sessions.event_log, new_value=[object], source=unknown"}
{"logTime": "1006/053626", "level": "INFO", "message": "Preference changed: name=optimization_guide.previously_registered_optimization_types, new_value=[object], source=unknown"}
{"logTime": "1006/053626", "level": "INFO", "message": "Preference changed: name=optimization_guide.previously_registered_optimization_types, new_value=[object], source=unknown"}
{"logTime": "1006/053626", "level": "INFO", "message": "Preference changed: name=optimization_guide.previously_registered_optimization_types, new_value=[object], source=unknown"}
{"logTime": "1006/053626", "level": "INFO", "message": "Preference changed: name=optimization_guide.previously_registered_optimization_types, new_value=[object], source=unknown"}
{"logTime": "1006/053626", "level": "INFO", "message": "Preference changed: name=optimization_guide.previously_registered_optimization_types, new_value=[object], source=unknown"}
{"logTime": "1006/053626", "level": "INFO", "message": "Preference changed: name=profile.network_pbs, new_value=[object], source=unknown"}
{"logTime": "1006/053626", "level": "INFO", "message": "Preference changed: name=profile.password_hash_data_list, new_value=[object], source=unknown"}
{"logTime": "1006/053626", "level": "INFO", "message": "Preference changed: name=schedule_to_flush_to_disk, new_value=\"13435738586453204\", source=unknown"}
{"logTime": "1006/053626", "level": "INFO", "message": "Preference changed: name=schedule_to_flush_to_disk, new_value=\"13435738586453824\", source=unknown"}
{"logTime": "1006/053626", "level": "INFO", "message": "Preference changed: name=edge.services.signin_scoped_device_id, new_value=\"b4f9cbb8-854a-4eaf-bea4-fc4e9df633d1\", source=unknown"}
{"logTime": "1006/053626", "level": "INFO", "message": "Preference changed: name=optimization_guide.previously_registered_optimization_types, new_value=[object], source=unknown"}
{"logTime": "1006/053626", "level": "INFO", "message": "Preference changed: name=extensions.chrome_url_overrides, new_value=[object], source=unknown"}
{"logTime": "1006/053626", "level": "INFO", "message": "Preference changed: name=autofill.credit_card_enabled, new_value=false, source=unknown"}
{"logTime": "1006/053626", "level": "INFO", "message": "Preference changed: name=enable_edge_collections, new_value=false, source=unknown"}
{"logTime": "1006/053626", "level": "INFO", "message": "Preference changed: name=resolve_navigation_errors_use_web_service.enabled, new_value=false, source=unknown"}
{"logTime": "1006/053626", "level": "INFO", "message": "Preference changed: name=alternate_error_pages.enabled, new_value=false, source=unknown"}
{"logTime": "1006/053626", "level": "INFO", "message": "Preference changed: name=optimization_guide.previously_registered_optimization_types, new_value=[object], source=unknown"}
{"logTime": "1006/053626", "level": "INFO", "message": "Preference changed: name=in_product_help.session_last_active_time, new_value=\"13435738586500059\", source=unknown"}
{"logTime": "1006/053626", "level": "INFO", "message": "Preference changed: name=optimization_guide.previously_registered_optimization_types, new_value=[object], source=unknown"}
{"logTime": "1006/053626", "level": "INFO", "message": "Preference changed: name=profile.content_settings.exceptions.storage_access_header_origin_trial, new_value=[object], source=unknown"}
{"logTime": "1006/053626", "level": "INFO", "message": "Preference changed: name=edge_rewards.coachmark_promotions, new_value=[object], source=unknown"}
{"logTime": "1006/053626", "level": "INFO", "message": "Preference changed: name=edge_rewards.hva_promotions, new_value=[object], source=unknown"}
{"logTime": "1006/053636", "level": "INFO", "message": "PrefStore write completed: store=4, success=true"}
{"logTime": "1006/053636", "level": "INFO", "message": "PrefStore write completed: store=4, success=true"}
{"logTime": "1006/053818", "level": "INFO", "message": "Preference changed: name=sessions.session_data_status, new_value=2, source=unknown"}
{"logTime": "1006/053818", "level": "INFO", "message": "Preference changed: name=sessions.session_data_status, new_value=3, source=unknown"}
{"logTime": "1006/053818", "level": "INFO", "message": "Preference changed: name=sessions.event_log, new_value=[object], source=unknown"}
{"logTime": "1006/054322", "level": "INFO", "message": "UserPrefStore loaded: error=NONE (0)"}
{"logTime": "1006/054322", "level": "INFO", "message": "Preference changed: name=optimization_guide.previously_registered_optimization_types, new_value=[object], source=unknown"}
{"logTime": "1006/054322", "level": "INFO", "message": "Preference changed: name=extensions.chrome_url_overrides, new_value=[object], source=unknown"}
{"logTime": "1006/054322", "level": "INFO", "message": "Preference changed: name=sessions.session_data_status, new_value=1, source=unknown"}
{"logTime": "1006/054322", "level": "INFO", "message": "Preference changed: name=sessions.event_log, new_value=[object], source=unknown"}
{"logTime": "1006/054322", "level": "INFO", "message": "Preference changed: name=optimization_guide.previously_registered_optimization_types, new_value=[object], source=unknown"}
{"logTime": "1006/054322", "level": "INFO", "message": "Preference changed: name=optimization_guide.previously_registered_optimization_types, new_value=[object], source=unknown"}
{"logTime": "1006/054322", "level": "INFO", "message": "Preference changed: name=optimization_guide.previously_registered_optimization_types, new_value=[object], source=unknown"}
{"logTime": "1006/054322", "level": "INFO", "message": "Preference changed: name=optimization_guide.previously_registered_optimization_types, new_value=[object], source=unknown"}
{"logTime": "1006/054322", "level": "INFO", "message": "Preference changed: name=optimization_guide.previously_registered_optimization_types, new_value=[object], source=unknown"}
{"logTime": "1006/054322", "level": "INFO", "message": "Preference changed: name=profile.network_pbs, new_value=[object], source=unknown"}
{"logTime": "1006/054322", "level": "INFO", "message": "Preference changed: name=profile.password_hash_data_list, new_value=[object], source=unknown"}
{"logTime": "1006/054322", "level": "INFO", "message": "Preference changed: name=schedule_to_flush_to_disk, new_value=\"13435739002491526\", source=unknown"}
{"logTime": "1006/054322", "level": "INFO", "message": "Preference changed: name=schedule_to_flush_to_disk, new_value=\"13435739002492235\", source=unknown"}
{"logTime": "1006/054322", "level": "INFO", "message": "Preference changed: name=edge.services.signin_scoped_device_id, new_value=\"c2ea625b-16a8-43ef-a241-4232665df0e2\", source=unknown"}
{"logTime": "1006/054322", "level": "INFO", "message": "Preference changed: name=optimization_guide.previously_registered_optimization_types, new_value=[object], source=unknown"}
{"logTime": "1006/054322", "level": "INFO", "message": "Preference changed: name=extensions.chrome_url_overrides, new_value=[object], source=unknown"}
{"logTime": "1006/054322", "level": "INFO", "message": "Preference changed: name=autofill.credit_card_enabled, new_value=false, source=unknown"}
{"logTime": "1006/054322", "level": "INFO", "message": "Preference changed: name=enable_edge_collections, new_value=false, source=unknown"}
{"logTime": "1006/054322", "level": "INFO", "message": "Preference changed: name=resolve_navigation_errors_use_web_service.enabled, new_value=false, source=unknown"}
{"logTime": "1006/054322", "level": "INFO", "message": "Preference changed: name=alternate_error_pages.enabled, new_value=false, source=unknown"}
{"logTime": "1006/054322", "level": "INFO", "message": "Preference changed: name=optimization_guide.previously_registered_optimization_types, new_value=[object], source=unknown"}
{"logTime": "1006/054322", "level": "INFO", "message": "Preference changed: name=in_product_help.session_last_active_time, new_value=\"13435739002536002\", source=unknown"}
{"logTime": "1006/054322", "level": "INFO", "message": "Preference changed: name=optimization_guide.previously_registered_optimization_types, new_value=[object], source=unknown"}
{"logTime": "1006/054322", "level": "INFO", "message": "Preference changed: name=profile.content_settings.exceptions.storage_access_header_origin_trial, new_value=[object], source=unknown"}
{"logTime": "1006/054322", "level": "INFO", "message": "Preference changed: name=edge_rewards.coachmark_promotions, new_value=[object], source=unknown"}
{"logTime": "1006/054322", "level": "INFO", "message": "Preference changed: name=edge_rewards.hva_promotions, new_value=[object], source=unknown"}
{"logTime": "1006/054332", "level": "INFO", "message": "PrefStore write completed: store=4, success=true"}
{"logTime": "1006/054332", "level": "INFO", "message": "PrefStore write completed: store=4, success=true"}
{"logTime": "1006/054759", "level": "INFO", "message": "Preference changed: name=sessions.event_log, new_value=[object], source=unknown"}
{"logTime": "1006/054809", "level": "INFO", "message": "PrefStore write completed: store=4, success=true"}
{"logTime": "1006/061218", "level": "INFO", "message": "Preference changed: name=sessions.session_data_status, new_value=2, source=unknown"}
{"logTime": "1006/061218", "level": "INFO", "message": "Preference changed: name=sessions.session_data_status, new_value=3, source=unknown"}
{"logTime": "1006/061649", "level": "INFO", "message": "UserPrefStore loaded: error=NONE (0)"}
{"logTime": "1006/061649", "level": "INFO", "message": "Preference changed: name=optimization_guide.previously_registered_optimization_types, new_value=[object], source=unknown"}
{"logTime": "1006/061649", "level": "INFO", "message": "Preference changed: name=extensions.chrome_url_overrides, new_value=[object], source=unknown"}
{"logTime": "1006/061649", "level": "INFO", "message": "Preference changed: name=sessions.session_data_status, new_value=1, source=unknown"}
{"logTime": "1006/061649", "level": "INFO", "message": "Preference changed: name=sessions.event_log, new_value=[object], source=unknown"}
{"logTime": "1006/061649", "level": "INFO", "message": "Preference changed: name=optimization_guide.previously_registered_optimization_types, new_value=[object], source=unknown"}
{"logTime": "1006/061649", "level": "INFO", "message": "Preference changed: name=optimization_guide.previously_registered_optimization_types, new_value=[object], source=unknown"}
{"logTime": "1006/061649", "level": "INFO", "message": "Preference changed: name=optimization_guide.previously_registered_optimization_types, new_value=[object], source=unknown"}
{"logTime": "1006/061649", "level": "INFO", "message": "Preference changed: name=optimization_guide.previously_registered_optimization_types, new_value=[object], source=unknown"}
{"logTime": "1006/061649", "level": "INFO", "message": "Preference changed: name=optimization_guide.previously_registered_optimization_types, new_value=[object], source=unknown"}
{"logTime": "1006/061649", "level": "INFO", "message": "Preference changed: name=profile.network_pbs, new_value=[object], source=unknown"}
{"logTime": "1006/061649", "level": "INFO", "message": "Preference changed: name=profile.password_hash_data_list, new_value=[object], source=unknown"}
{"logTime": "1006/061649", "level": "INFO", "message": "Preference changed: name=schedule_to_flush_to_disk, new_value=\"13435741009339717\", source=unknown"}
{"logTime": "1006/061649", "level": "INFO", "message": "Preference changed: name=schedule_to_flush_to_disk, new_value=\"13435741009340259\", source=unknown"}
{"logTime": "1006/061649", "level": "INFO", "message": "Preference changed: name=edge.services.signin_scoped_device_id, new_value=\"6bd0eb9a-92bf-4970-8744-00aff491646c\", source=unknown"}
{"logTime": "1006/061649", "level": "INFO", "message": "Preference changed: name=optimization_guide.previously_registered_optimization_types, new_value=[object], source=unknown"}
{"logTime": "1006/061649", "level": "INFO", "message": "Preference changed: name=extensions.chrome_url_overrides, new_value=[object], source=unknown"}
{"logTime": "1006/061649", "level": "INFO", "message": "Preference changed: name=autofill.credit_card_enabled, new_value=false, source=unknown"}
{"logTime": "1006/061649", "level": "INFO", "message": "Preference changed: name=enable_edge_collections, new_value=false, source=unknown"}
{"logTime": "1006/061649", "level": "INFO", "message": "Preference changed: name=resolve_navigation_errors_use_web_service.enabled, new_value=false, source=unknown"}
{"logTime": "1006/061649", "level": "INFO", "message": "Preference changed: name=alternate_error_pages.enabled, new_value=false, source=unknown"}
{"logTime": "1006/061649", "level": "INFO", "message": "Preference changed: name=optimization_guide.previously_registered_optimization_types, new_value=[object], source=unknown"}
{"logTime": "1006/061649", "level": "INFO", "message": "Preference changed: name=in_product_help.session_last_active_time, new_value=\"13435741009382901\", source=unknown"}
{"logTime": "1006/061649", "level": "INFO", "message": "Preference changed: name=optimization_guide.previously_registered_optimization_types, new_value=[object], source=unknown"}
{"logTime": "1006/061649", "level": "INFO", "message": "Preference changed: name=profile.content_settings.exceptions.storage_access_header_origin_trial, new_value=[object], source=unknown"}
{"logTime": "1006/061649", "level": "INFO", "message": "Preference changed: name=edge_rewards.coachmark_promotions, new_value=[object], source=unknown"}
{"logTime": "1006/061649", "level": "INFO", "message": "Preference changed: name=edge_rewards.hva_promotions, new_value=[object], source=unknown"}
{"logTime": "1006/061659", "level": "INFO", "message": "PrefStore write completed: store=4, success=true"}
{"logTime": "1006/061659", "level": "INFO", "message": "PrefStore write completed: store=4, success=true"}
{"logTime": "1006/064057", "level": "INFO", "message": "Preference changed: name=sessions.session_data_status, new_value=2, source=unknown"}
{"logTime": "1006/064057", "level": "INFO", "message": "Preference changed: name=sessions.session_data_status, new_value=3, source=unknown"}
{"logTime": "1006/064057", "level": "INFO", "message": "Preference changed: name=sessions.event_log, new_value=[object], source=unknown"}
{"logTime": "1006/064644", "level": "INFO", "message": "UserPrefStore loaded: error=NONE (0)"}
{"logTime": "1006/064644", "level": "INFO", "message": "Preference changed: name=optimization_guide.previously_registered_optimization_types, new_value=[object], source=unknown"}
{"logTime": "1006/064644", "level": "INFO", "message": "Preference changed: name=extensions.chrome_url_overrides, new_value=[object], source=unknown"}
{"logTime": "1006/064644", "level": "INFO", "message": "Preference changed: name=sessions.session_data_status, new_value=1, source=unknown"}
{"logTime": "1006/064644", "level": "INFO", "message": "Preference changed: name=sessions.event_log, new_value=[object], source=unknown"}
{"logTime": "1006/064644", "level": "INFO", "message": "Preference changed: name=optimization_guide.previously_registered_optimization_types, new_value=[object], source=unknown"}
{"logTime": "1006/064644", "level": "INFO", "message": "Preference changed: name=optimization_guide.previously_registered_optimization_types, new_value=[object], source=unknown"}
{"logTime": "1006/064644", "level": "INFO", "message": "Preference changed: name=optimization_guide.previously_registered_optimization_types, new_value=[object], source=unknown"}
{"logTime": "1006/064644", "level": "INFO", "message": "Preference changed: name=optimization_guide.previously_registered_optimization_types, new_value=[object], source=unknown"}
{"logTime": "1006/064644", "level": "INFO", "message": "Preference changed: name=optimization_guide.previously_registered_optimization_types, new_value=[object], source=unknown"}
{"logTime": "1006/064644", "level": "INFO", "message": "Preference changed: name=profile.network_pbs, new_value=[object], source=unknown"}
{"logTime": "1006/064644", "level": "INFO", "message": "Preference changed: name=profile.password_hash_data_list, new_value=[object], source=unknown"}
{"logTime": "1006/064644", "level": "INFO", "message": "Preference changed: name=schedule_to_flush_to_disk, new_value=\"13435742804912632\", source=unknown"}
{"logTime": "1006/064644", "level": "INFO", "message": "Preference changed: name=schedule_to_flush_to_disk, new_value=\"13435742804913342\", source=unknown"}
{"logTime": "1006/064644", "level": "INFO", "message": "Preference changed: name=edge.services.signin_scoped_device_id, new_value=\"9b67bcec-afda-4c6f-b2ad-1eb9fad46cc2\", source=unknown"}
{"logTime": "1006/064644", "level": "INFO", "message": "Preference changed: name=optimization_guide.previously_registered_optimization_types, new_value=[object], source=unknown"}
{"logTime": "1006/064644", "level": "INFO", "message": "Preference changed: name=extensions.chrome_url_overrides, new_value=[object], source=unknown"}
{"logTime": "1006/064644", "level": "INFO", "message": "Preference changed: name=autofill.credit_card_enabled, new_value=false, source=unknown"}
{"logTime": "1006/064644", "level": "INFO", "message": "Preference changed: name=enable_edge_collections, new_value=false, source=unknown"}
{"logTime": "1006/064644", "level": "INFO", "message": "Preference changed: name=resolve_navigation_errors_use_web_service.enabled, new_value=false, source=unknown"}
{"logTime": "1006/064644", "level": "INFO", "message": "Preference changed: name=alternate_error_pages.enabled, new_value=false, source=unknown"}
{"logTime": "1006/064644", "level": "INFO", "message": "Preference changed: name=optimization_guide.previously_registered_optimization_types, new_value=[object], source=unknown"}
{"logTime": "1006/064644", "level": "INFO", "message": "Preference changed: name=in_product_help.session_last_active_time, new_value=\"13435742804957760\", source=unknown"}
{"logTime": "1006/064644", "level": "INFO", "message": "Preference changed: name=optimization_guide.previously_registered_optimization_types, new_value=[object], source=unknown"}
{"logTime": "1006/064644", "level": "INFO", "message": "Preference changed: name=profile.content_settings.exceptions.storage_access_header_origin_trial, new_value=[object], source=unknown"}
{"logTime": "1006/064645", "level": "INFO", "message": "Preference changed: name=edge_rewards.coachmark_promotions, new_value=[object], source=unknown"}
{"logTime": "1006/064645", "level": "INFO", "message": "Preference changed: name=edge_rewards.hva_promotions, new_value=[object], source=unknown"}
{"logTime": "1006/064654", "level": "INFO", "message": "PrefStore write completed: store=4, success=true"}
{"logTime": "1006/064654", "level": "INFO", "message": "PrefStore write completed: store=4, success=true"}
{"logTime": "1006/064703", "level": "INFO", "message": "Preference changed: name=sessions.event_log, new_value=[object], source=unknown"}
{"logTime": "1006/064713", "level": "INFO", "message": "PrefStore write completed: store=4, success=true"}
{"logTime": "1006/064943", "level": "INFO", "message": "Preference changed: name=sessions.session_data_status, new_value=2, source=unknown"}
{"logTime": "1006/064943", "level": "INFO", "message": "Preference changed: name=sessions.session_data_status, new_value=3, source=unknown"}
{"logTime": "1006/071548", "level": "INFO", "message": "UserPrefStore loaded: error=NONE (0)"}
{"logTime": "1006/071548", "level": "INFO", "message": "Preference changed: name=optimization_guide.previously_registered_optimization_types, new_value=[object], source=unknown"}
{"logTime": "1006/071548", "level": "INFO", "message": "Preference changed: name=extensions.chrome_url_overrides, new_value=[object], source=unknown"}
{"logTime": "1006/071548", "level": "INFO", "message": "Preference changed: name=sessions.session_data_status, new_value=1, source=unknown"}
{"logTime": "1006/071548", "level": "INFO", "message": "Preference changed: name=sessions.event_log, new_value=[object], source=unknown"}
{"logTime": "1006/071548", "level": "INFO", "message": "Preference changed: name=optimization_guide.previously_registered_optimization_types, new_value=[object], source=unknown"}
{"logTime": "1006/071548", "level": "INFO", "message": "Preference changed: name=optimization_guide.previously_registered_optimization_types, new_value=[object], source=unknown"}
{"logTime": "1006/071548", "level": "INFO", "message": "Preference changed: name=optimization_guide.previously_registered_optimization_types, new_value=[object], source=unknown"}
{"logTime": "1006/071548", "level": "INFO", "message": "Preference changed: name=optimization_guide.previously_registered_optimization_types, new_value=[object], source=unknown"}
{"logTime": "1006/071548", "level": "INFO", "message": "Preference changed: name=optimization_guide.previously_registered_optimization_types, new_value=[object], source=unknown"}
{"logTime": "1006/071548", "level": "INFO", "message": "Preference changed: name=profile.network_pbs, new_value=[object], source=unknown"}
{"logTime": "1006/071548", "level": "INFO", "message": "Preference changed: name=profile.password_hash_data_list, new_value=[object], source=unknown"}
{"logTime": "1006/071548", "level": "INFO", "message": "Preference changed: name=schedule_to_flush_to_disk, new_value=\"13435744548263443\", source=unknown"}
{"logTime": "1006/071548", "level": "INFO", "message": "Preference changed: name=schedule_to_flush_to_disk, new_value=\"13435744548264262\", source=unknown"}
{"logTime": "1006/071548", "level": "INFO", "message": "Preference changed: name=edge.services.signin_scoped_device_id, new_value=\"f0fc6c45-9f1b-4ba0-806b-5048376bd1fb\", source=unknown"}
{"logTime": "1006/071548", "level": "INFO", "message": "Preference changed: name=optimization_guide.previously_registered_optimization_types, new_value=[object], source=unknown"}
{"logTime": "1006/071548", "level": "INFO", "message": "Preference changed: name=extensions.chrome_url_overrides, new_value=[object], source=unknown"}
{"logTime": "1006/071548", "level": "INFO", "message": "Preference changed: name=autofill.credit_card_enabled, new_value=false, source=unknown"}
{"logTime": "1006/071548", "level": "INFO", "message": "Preference changed: name=enable_edge_collections, new_value=false, source=unknown"}
{"logTime": "1006/071548", "level": "INFO", "message": "Preference changed: name=resolve_navigation_errors_use_web_service.enabled, new_value=false, source=unknown"}
{"logTime": "1006/071548", "level": "INFO", "message": "Preference changed: name=alternate_error_pages.enabled, new_value=false, source=unknown"}
{"logTime": "1006/071548", "level": "INFO", "message": "Preference changed: name=optimization_guide.previously_registered_optimization_types, new_value=[object], source=unknown"}
{"logTime": "1006/071548", "level": "INFO", "message": "Preference changed: name=in_product_help.session_last_active_time, new_value=\"13435744548309830\", source=unknown"}
{"logTime": "1006/071548", "level": "INFO", "message": "Preference changed: name=optimization_guide.previously_registered_optimization_types, new_value=[object], source=unknown"}
{"logTime": "1006/071548", "level": "INFO", "message": "Preference changed: name=profile.content_settings.exceptions.storage_access_header_origin_trial, new_value=[object], source=unknown"}
{"logTime": "1006/071548", "level": "INFO", "message": "Preference changed: name=edge_rewards.coachmark_promotions, new_value=[object], source=unknown"}
{"logTime": "1006/071548", "level": "INFO", "message": "Preference changed: name=edge_rewards.hva_promotions, new_value=[object], source=unknown"}
{"logTime": "1006/071558", "level": "INFO", "message": "PrefStore write completed: store=4, success=true"}
{"logTime": "1006/071558", "level": "INFO", "message": "PrefStore write completed: store=4, success=true"}
{"logTime": "1006/071817", "level": "INFO", "message": "Preference changed: name=sessions.session_data_status, new_value=2, source=unknown"}
{"logTime": "1006/071817", "level": "INFO", "message": "Preference changed: name=sessions.session_data_status, new_value=3, source=unknown"}
{"logTime": "1006/071817", "level": "INFO", "message": "Preference changed: name=sessions.event_log, new_value=[object], source=unknown"}
{"logTime": "1006/071832", "level": "INFO", "message": "UserPrefStore loaded: error=NONE (0)"}
{"logTime": "1006/071832", "level": "INFO", "message": "Preference changed: name=optimization_guide.previously_registered_optimization_types, new_value=[object], source=unknown"}
{"logTime": "1006/071832", "level": "INFO", "message": "Preference changed: name=extensions.chrome_url_overrides, new_value=[object], source=unknown"}
{"logTime": "1006/071832", "level": "INFO", "message": "Preference changed: name=sessions.session_data_status, new_value=1, source=unknown"}
{"logTime": "1006/071832", "level": "INFO", "message": "Preference changed: name=sessions.event_log, new_value=[object], source=unknown"}
{"logTime": "1006/071832", "level": "INFO", "message": "Preference changed: name=optimization_guide.previously_registered_optimization_types, new_value=[object], source=unknown"}
{"logTime": "1006/071832", "level": "INFO", "message": "Preference changed: name=optimization_guide.previously_registered_optimization_types, new_value=[object], source=unknown"}
{"logTime": "1006/071832", "level": "INFO", "message": "Preference changed: name=optimization_guide.previously_registered_optimization_types, new_value=[object], source=unknown"}
{"logTime": "1006/071832", "level": "INFO", "message": "Preference changed: name=optimization_guide.previously_registered_optimization_types, new_value=[object], source=unknown"}
{"logTime": "1006/071832", "level": "INFO", "message": "Preference changed: name=optimization_guide.previously_registered_optimization_types, new_value=[object], source=unknown"}
{"logTime": "1006/071832", "level": "INFO", "message": "Preference changed: name=profile.network_pbs, new_value=[object], source=unknown"}
{"logTime": "1006/071832", "level": "INFO", "message": "Preference changed: name=profile.password_hash_data_list, new_value=[object], source=unknown"}
{"logTime": "1006/071832", "level": "INFO", "message": "Preference changed: name=schedule_to_flush_to_disk, new_value=\"13435744712889494\", source=unknown"}
{"logTime": "1006/071832", "level": "INFO", "message": "Preference changed: name=schedule_to_flush_to_disk, new_value=\"13435744712890339\", source=unknown"}
{"logTime": "1006/071832", "level": "INFO", "message": "Preference changed: name=edge.services.signin_scoped_device_id, new_value=\"767036ea-27a3-479c-a9ad-ecc790cd866f\", source=unknown"}
{"logTime": "1006/071832", "level": "INFO", "message": "Preference changed: name=optimization_guide.previously_registered_optimization_types, new_value=[object], source=unknown"}
{"logTime": "1006/071832", "level": "INFO", "message": "Preference changed: name=extensions.chrome_url_overrides, new_value=[object], source=unknown"}
{"logTime": "1006/071832", "level": "INFO", "message": "Preference changed: name=autofill.credit_card_enabled, new_value=false, source=unknown"}
{"logTime": "1006/071832", "level": "INFO", "message": "Preference changed: name=enable_edge_collections, new_value=false, source=unknown"}
{"logTime": "1006/071832", "level": "INFO", "message": "Preference changed: name=resolve_navigation_errors_use_web_service.enabled, new_value=false, source=unknown"}
{"logTime": "1006/071832", "level": "INFO", "message": "Preference changed: name=alternate_error_pages.enabled, new_value=false, source=unknown"}
{"logTime": "1006/071832", "level": "INFO", "message": "Preference changed: name=optimization_guide.previously_registered_optimization_types, new_value=[object], source=unknown"}
{"logTime": "1006/071832", "level": "INFO", "message": "Preference changed: name=in_product_help.session_last_active_time, new_value=\"13435744712932878\", source=unknown"}
{"logTime": "1006/071832", "level": "INFO", "message": "Preference changed: name=optimization_guide.previously_registered_optimization_types, new_value=[object], source=unknown"}
{"logTime": "1006/071832", "level": "INFO", "message": "Preference changed: name=profile.content_settings.exceptions.storage_access_header_origin_trial, new_value=[object], source=unknown"}
{"logTime": "1006/071833", "level": "INFO", "message": "Preference changed: name=edge_rewards.coachmark_promotions, new_value=[object], source=unknown"}
{"logTime": "1006/071833", "level": "INFO", "message": "Preference changed: name=edge_rewards.hva_promotions, new_value=[object], source=unknown"}
{"logTime": "1006/071837", "level": "INFO", "message": "Preference changed: name=sessions.session_data_status, new_value=2, source=unknown"}
{"logTime": "1006/071837", "level": "INFO", "message": "Preference changed: name=sessions.session_data_status, new_value=3, source=unknown"}
{"logTime": "1006/071837", "level": "INFO", "message": "Preference changed: name=sessions.event_log, new_value=[object], source=unknown"}
{"logTime": "1006/071913", "level": "INFO", "message": "UserPrefStore loaded: error=NONE (0)"}
{"logTime": "1006/071913", "level": "INFO", "message": "Preference changed: name=optimization_guide.previously_registered_optimization_types, new_value=[object], source=unknown"}
{"logTime": "1006/071913", "level": "INFO", "message": "Preference changed: name=extensions.chrome_url_overrides, new_value=[object], source=unknown"}
{"logTime": "1006/071913", "level": "INFO", "message": "Preference changed: name=sessions.session_data_status, new_value=1, source=unknown"}
{"logTime": "1006/071913", "level": "INFO", "message": "Preference changed: name=sessions.event_log, new_value=[object], source=unknown"}
{"logTime": "1006/071913", "level": "INFO", "message": "Preference changed: name=optimization_guide.previously_registered_optimization_types, new_value=[object], source=unknown"}
{"logTime": "1006/071913", "level": "INFO", "message": "Preference changed: name=optimization_guide.previously_registered_optimization_types, new_value=[object], source=unknown"}
{"logTime": "1006/071913", "level": "INFO", "message": "Preference changed: name=optimization_guide.previously_registered_optimization_types, new_value=[object], source=unknown"}
{"logTime": "1006/071913", "level": "INFO", "message": "Preference changed: name=optimization_guide.previously_registered_optimization_types, new_value=[object], source=unknown"}
{"logTime": "1006/071913", "level": "INFO", "message": "Preference changed: name=optimization_guide.previously_registered_optimization_types, new_value=[object], source=unknown"}
{"logTime": "1006/071913", "level": "INFO", "message": "Preference changed: name=profile.network_pbs, new_value=[object], source=unknown"}
{"logTime": "1006/071913", "level": "INFO", "message": "Preference changed: name=profile.password_hash_data_list, new_value=[object], source=unknown"}
{"logTime": "1006/071913", "level": "INFO", "message": "Preference changed: name=schedule_to_flush_to_disk, new_value=\"13435744753268612\", source=unknown"}
{"logTime": "1006/071913", "level": "INFO", "message": "Preference changed: name=schedule_to_flush_to_disk, new_value=\"13435744753269285\", source=unknown"}
{"logTime": "1006/071913", "level": "INFO", "message": "Preference changed: name=edge.services.signin_scoped_device_id, new_value=\"38292e8a-7d62-4b40-94ff-265c5d1cabda\", source=unknown"}
{"logTime": "1006/071913", "level": "INFO", "message": "Preference changed: name=optimization_guide.previously_registered_optimization_types, new_value=[object], source=unknown"}
{"logTime": "1006/071913", "level": "INFO", "message": "Preference changed: name=extensions.chrome_url_overrides, new_value=[object], source=unknown"}
{"logTime": "1006/071913", "level": "INFO", "message": "Preference changed: name=autofill.credit_card_enabled, new_value=false, source=unknown"}
{"logTime": "1006/071913", "level": "INFO", "message": "Preference changed: name=enable_edge_collections, new_value=false, source=unknown"}
{"logTime": "1006/071913", "level": "INFO", "message": "Preference changed: name=resolve_navigation_errors_use_web_service.enabled, new_value=false, source=unknown"}
{"logTime": "1006/071913", "level": "INFO", "message": "Preference changed: name=alternate_error_pages.enabled, new_value=false, source=unknown"}
{"logTime": "1006/071913", "level": "INFO", "message": "Preference changed: name=optimization_guide.previously_registered_optimization_types, new_value=[object], source=unknown"}
{"logTime": "1006/071913", "level": "INFO", "message": "Preference changed: name=in_product_help.session_last_active_time, new_value=\"13435744753314169\", source=unknown"}
{"logTime": "1006/071913", "level": "INFO", "message": "Preference changed: name=optimization_guide.previously_registered_optimization_types, new_value=[object], source=unknown"}
{"logTime": "1006/071913", "level": "INFO", "message": "Preference changed: name=profile.content_settings.exceptions.storage_access_header_origin_trial, new_value=[object], source=unknown"}
{"logTime": "1006/071913", "level": "INFO", "message": "Preference changed: name=edge_rewards.coachmark_promotions, new_value=[object], source=unknown"}
{"logTime": "1006/071913", "level": "INFO", "message": "Preference changed: name=edge_rewards.hva_promotions, new_value=[object], source=unknown"}
{"logTime": "1006/071923", "level": "INFO", "message": "PrefStore write completed: store=4, success=true"}
{"logTime": "1006/071923", "level": "INFO", "message": "PrefStore write completed: store=4, success=true"}
{"logTime": "1006/072500", "level": "INFO", "message": "Preference changed: name=sessions.event_log, new_value=[object], source=unknown"}
{"logTime": "1006/072510", "level": "INFO", "message": "PrefStore write completed: store=4, success=true"}
{"logTime": "1006/074334", "level": "INFO", "message": "Preference changed: name=language_model_counters, new_value=[object], source=unknown"}
{"logTime": "1006/075009", "level": "INFO", "message": "Preference changed: name=sessions.session_data_status, new_value=2, source=unknown"}
{"logTime": "1006/075009", "level": "INFO", "message": "Preference changed: name=sessions.session_data_status, new_value=3, source=unknown"}
{"logTime": "1006/075152", "level": "INFO", "message": "UserPrefStore loaded: error=NONE (0)"}
{"logTime": "1006/075152", "level": "INFO", "message": "Preference changed: name=optimization_guide.previously_registered_optimization_types, new_value=[object], source=unknown"}
{"logTime": "1006/075152", "level": "INFO", "message": "Preference changed: name=extensions.chrome_url_overrides, new_value=[object], source=unknown"}
{"logTime": "1006/075152", "level": "INFO", "message": "Preference changed: name=sessions.session_data_status, new_value=1, source=unknown"}
{"logTime": "1006/075152", "level": "INFO", "message": "Preference changed: name=sessions.event_log, new_value=[object], source=unknown"}
{"logTime": "1006/075152", "level": "INFO", "message": "Preference changed: name=optimization_guide.previously_registered_optimization_types, new_value=[object], source=unknown"}
{"logTime": "1006/075152", "level": "INFO", "message": "Preference changed: name=optimization_guide.previously_registered_optimization_types, new_value=[object], source=unknown"}
{"logTime": "1006/075152", "level": "INFO", "message": "Preference changed: name=optimization_guide.previously_registered_optimization_types, new_value=[object], source=unknown"}
{"logTime": "1006/075152", "level": "INFO", "message": "Preference changed: name=optimization_guide.previously_registered_optimization_types, new_value=[object], source=unknown"}
{"logTime": "1006/075152", "level": "INFO", "message": "Preference changed: name=optimization_guide.previously_registered_optimization_types, new_value=[object], source=unknown"}
{"logTime": "1006/075152", "level": "INFO", "message": "Preference changed: name=profile.network_pbs, new_value=[object], source=unknown"}
{"logTime": "1006/075152", "level": "INFO", "message": "Preference changed: name=profile.password_hash_data_list, new_value=[object], source=unknown"}
{"logTime": "1006/075152", "level": "INFO", "message": "Preference changed: name=schedule_to_flush_to_disk, new_value=\"13435746712525457\", source=unknown"}
{"logTime": "1006/075152", "level": "INFO", "message": "Preference changed: name=schedule_to_flush_to_disk, new_value=\"13435746712525992\", source=unknown"}
{"logTime": "1006/075152", "level": "INFO", "message": "Preference changed: name=edge.services.signin_scoped_device_id, new_value=\"7b8db95c-4da3-4f9b-b5c3-6e7f946baa64\", source=unknown"}
{"logTime": "1006/075152", "level": "INFO", "message": "Preference changed: name=optimization_guide.previously_registered_optimization_types, new_value=[object], source=unknown"}
{"logTime": "1006/075152", "level": "INFO", "message": "Preference changed: name=extensions.chrome_url_overrides, new_value=[object], source=unknown"}
{"logTime": "1006/075152", "level": "INFO", "message": "Preference changed: name=autofill.credit_card_enabled, new_value=false, source=unknown"}
{"logTime": "1006/075152", "level": "INFO", "message": "Preference changed: name=enable_edge_collections, new_value=false, source=unknown"}
{"logTime": "1006/075152", "level": "INFO", "message": "Preference changed: name=resolve_navigation_errors_use_web_service.enabled, new_value=false, source=unknown"}
{"logTime": "1006/075152", "level": "INFO", "message": "Preference changed: name=alternate_error_pages.enabled, new_value=false, source=unknown"}
{"logTime": "1006/075152", "level": "INFO", "message": "Preference changed: name=optimization_guide.previously_registered_optimization_types, new_value=[object], source=unknown"}
{"logTime": "1006/075152", "level": "INFO", "message": "Preference changed: name=in_product_help.session_last_active_time, new_value=\"13435746712569763\", source=unknown"}
{"logTime": "1006/075152", "level": "INFO", "message": "Preference changed: name=optimization_guide.previously_registered_optimization_types, new_value=[object], source=unknown"}
{"logTime": "1006/075152", "level": "INFO", "message": "Preference changed: name=profile.content_settings.exceptions.storage_access_header_origin_trial, new_value=[object], source=unknown"}
{"logTime": "1006/075152", "level": "INFO", "message": "Preference changed: name=edge_rewards.coachmark_promotions, new_value=[object], source=unknown"}
{"logTime": "1006/075152", "level": "INFO", "message": "Preference changed: name=edge_rewards.hva_promotions, new_value=[object], source=unknown"}
{"logTime": "1006/075202", "level": "INFO", "message": "PrefStore write completed: store=4, success=true"}
{"logTime": "1006/075202", "level": "INFO", "message": "PrefStore write completed: store=4, success=true"}
{"logTime": "1006/075340", "level": "INFO", "message": "Preference changed: name=sessions.session_data_status, new_value=2, source=unknown"}
{"logTime": "1006/075340", "level": "INFO", "message": "Preference changed: name=sessions.session_data_status, new_value=3, source=unknown"}
{"logTime": "1006/075340", "level": "INFO", "message": "Preference changed: name=sessions.event_log, new_value=[object], source=unknown"}
{"logTime": "1006/080953", "level": "INFO", "message": "UserPrefStore loaded: error=NONE (0)"}
{"logTime": "1006/080953", "level": "INFO", "message": "Preference changed: name=optimization_guide.previously_registered_optimization_types, new_value=[object], source=unknown"}
{"logTime": "1006/080953", "level": "INFO", "message": "Preference changed: name=extensions.chrome_url_overrides, new_value=[object], source=unknown"}
{"logTime": "1006/080953", "level": "INFO", "message": "Preference changed: name=sessions.session_data_status, new_value=1, source=unknown"}
{"logTime": "1006/080953", "level": "INFO", "message": "Preference changed: name=sessions.event_log, new_value=[object], source=unknown"}
{"logTime": "1006/080953", "level": "INFO", "message": "Preference changed: name=optimization_guide.previously_registered_optimization_types, new_value=[object], source=unknown"}
{"logTime": "1006/080953", "level": "INFO", "message": "Preference changed: name=optimization_guide.previously_registered_optimization_types, new_value=[object], source=unknown"}
{"logTime": "1006/080953", "level": "INFO", "message": "Preference changed: name=optimization_guide.previously_registered_optimization_types, new_value=[object], source=unknown"}
{"logTime": "1006/080953", "level": "INFO", "message": "Preference changed: name=optimization_guide.previously_registered_optimization_types, new_value=[object], source=unknown"}
{"logTime": "1006/080953", "level": "INFO", "message": "Preference changed: name=optimization_guide.previously_registered_optimization_types, new_value=[object], source=unknown"}
{"logTime": "1006/080953", "level": "INFO", "message": "Preference changed: name=profile.network_pbs, new_value=[object], source=unknown"}
{"logTime": "1006/080953", "level": "INFO", "message": "Preference changed: name=profile.password_hash_data_list, new_value=[object], source=unknown"}
{"logTime": "1006/080953", "level": "INFO", "message": "Preference changed: name=schedule_to_flush_to_disk, new_value=\"13435747793067709\", source=unknown"}
{"logTime": "1006/080953", "level": "INFO", "message": "Preference changed: name=schedule_to_flush_to_disk, new_value=\"13435747793068426\", source=unknown"}
{"logTime": "1006/080953", "level": "INFO", "message": "Preference changed: name=edge.services.signin_scoped_device_id, new_value=\"f72426b8-c733-472b-a832-a72ba4c36c75\", source=unknown"}
{"logTime": "1006/080953", "level": "INFO", "message": "Preference changed: name=optimization_guide.previously_registered_optimization_types, new_value=[object], source=unknown"}
{"logTime": "1006/080953", "level": "INFO", "message": "Preference changed: name=extensions.chrome_url_overrides, new_value=[object], source=unknown"}
{"logTime": "1006/080953", "level": "INFO", "message": "Preference changed: name=autofill.credit_card_enabled, new_value=false, source=unknown"}
{"logTime": "1006/080953", "level": "INFO", "message": "Preference changed: name=enable_edge_collections, new_value=false, source=unknown"}
{"logTime": "1006/080953", "level": "INFO", "message": "Preference changed: name=resolve_navigation_errors_use_web_service.enabled, new_value=false, source=unknown"}
{"logTime": "1006/080953", "level": "INFO", "message": "Preference changed: name=alternate_error_pages.enabled, new_value=false, source=unknown"}
{"logTime": "1006/080953", "level": "INFO", "message": "Preference changed: name=optimization_guide.previously_registered_optimization_types, new_value=[object], source=unknown"}
{"logTime": "1006/080953", "level": "INFO", "message": "Preference changed: name=in_product_help.session_last_active_time, new_value=\"13435747793116658\", source=unknown"}
{"logTime": "1006/080953", "level": "INFO", "message": "Preference changed: name=optimization_guide.previously_registered_optimization_types, new_value=[object], source=unknown"}
{"logTime": "1006/080953", "level": "INFO", "message": "Preference changed: name=profile.content_settings.exceptions.storage_access_header_origin_trial, new_value=[object], source=unknown"}
{"logTime": "1006/080953", "level": "INFO", "message": "Preference changed: name=edge_rewards.coachmark_promotions, new_value=[object], source=unknown"}
{"logTime": "1006/080953", "level": "INFO", "message": "Preference changed: name=edge_rewards.hva_promotions, new_value=[object], source=unknown"}
{"logTime": "1006/081003", "level": "INFO", "message": "PrefStore write completed: store=4, success=true"}
{"logTime": "1006/081003", "level": "INFO", "message": "PrefStore write completed: store=4, success=true"}
{"logTime": "1006/081503", "level": "INFO", "message": "Preference changed: name=sessions.session_data_status, new_value=2, source=unknown"}
{"logTime": "1006/081503", "level": "INFO", "message": "Preference changed: name=sessions.session_data_status, new_value=3, source=unknown"}
{"logTime": "1006/081503", "level": "INFO", "message": "Preference changed: name=sessions.event_log, new_value=[object], source=unknown"}
